Workbook

Sheet Talimatlar
B2: BSH BAYİ - DİVA SATIŞ / KAMPANYA / HAKEDİŞ KONTROL SİSTEMİ
B4: AMAÇ
B5: Bu dosya; bayinin DİVA üzerinden yaptığı kampanya kodlu satışları, E2E portaldan alınan nakliye/montaj sonuçlarını ve BSH'nin bayiye kestiği hakediş faturası detayını tek noktada eşleştirerek, hakedişin doğru hesaplanıp doğru ödenip ödenmediğini otomatik olarak kontrol eder.
B7: İKİ FARKLI HAKEDİŞ KURALI (kaynak: aylık 'Perakende Uygulama Yazısı')
B8: Kural A - Stok Mutabakatlı Bayi: Hakediş, DİVA'da hemen teslim faturalandırıldığı anda ödenir. Buna karşılık 30.11 itibarıyla yıl içinde hakediş ödenen ürünlerin nakliye VEYA montaj tamamlanma ORANININ toplam hakedişe oranı en az %75 olmalıdır; altında kalırsa aradaki fark mahsuplaşılır. (Bkz. 'Yil Sonu Kontrolu' sekmesi) Kural B - Stok Mutabakatı Yapılmamış Bayi: Hakediş, DİVA hemen teslim faturası olsa dahi hemen ödenmez; nakliye verisi varsa nakliyenin tamamlanmasını takip eden ayda, nakliye verisi yoksa montajın tamamlanmasını takip eden ayda ödenir. Bu tamamlanma, kampanyanın 'Hakediş Son Tarihi'nden önce gerçekleşmiş olmalıdır; aksi halde hakediş RİSK olarak işaretlenir.
B10: HANGİ BAYİ HANGİ KURALA TABİ?
B11: 'Parametreler' sekmesinde tek bir alanla belirlenir: 'Stok Mutabakatı Yapıldı mı?'. Bu bilgiyi BSH saha/finans ekibinizden teyit edin. Bu alan tüm 'DİVA Satışları' sekmesindeki her satır için otomatik kural ataması yapar.
B13: VERİ AKIŞI VE SEKME SAHİPLİĞİ
B14: 'Kampanyalar' sekmesi YÖNETİCİ (BSH) tarafından doldurulur ve şifre ile korumalıdır; bayi bu sekmeyi görebilir ama değiştiremez. Aylık kampanya duyuru yazısı (PDF) BSH tarafından işlenip bu sekmeye satır olarak eklenir. 'DİVA Satışları' sekmesine bayi, DİVA'dan alınan 'Kampanya Kodlu Satış' raporunu (Şirket Kodu...Kategori, 35 sütun) olduğu gibi kopyalayıp A3 hücresinden başlayarak yapıştırır. 'E2E Nakliye Montaj' sekmesine bayi, E2E portaldan alınan raporu (MerkezKodu...PlatformName, 38 sütun) A3 hücresinden başlayarak yapıştırır. 'Hakedis Fatura Detay' sekmesine bayi, BSH'nin her ay gönderdiği hakediş detay raporunu ("...DETAY" sekmesi, 32 sütun) yapıştırır.
B16: EŞLEŞTİRME ANAHTARI
B17: Tüm kaynaklar 'DİVA Fatura No (26 ile başlayan) + Ürün Kodu' ikilisi ile eşleştirilir. 'Kontrol' sekmesi bu anahtarla otomatik birleştirme yapar ve nihai durumu üretir.
B19: HAKEDİŞ VERİSİNİ AY AY BİRİKTİRİN - ÇOK ÖNEMLİ
... B26: Sarı zemin + mavi yazı = elle doldurulacak/yapıştırılacak alan. Gri başlık = kaynak rapordan birebir gelen ham sütun. Mavi başlık = otomatik hesaplanan sütun, dokunmayın. Turuncu zemin = risk/uyuşmazlık uyarısı. 'DİVA Satışları', 'E2E Nakliye Montaj' ve 'Hakedis Fatura Detay' sekmelerinde, yapıştırdığınız verinin bittiği satırın hemen üstünde otomatik MAVİ bir çizgi belirir — bu çizgi 'veriniz buraya kadar, altı hâlâ boş' demektir; yeni veri eklerken bu çizginin altına doğru devam edin. 'Kontrol' ve 'Sorun Raporu' sekmelerinde GENEL DURUM/SORUN hücreleri otomatik renklenir: YEŞİL = Uygun, KIRMIZI = İnceleme Gerekli, SARI = Bekleniyor.

Sheet Parametreler
B2: PARAMETRELER
B4: Bayi Kodu | C4: 7000129546
B5: Bayi Adı | C5: MUSTAFA DEMİREL
B7: Bu bayi için STOK MUTABAKATI yapıldı mı? (Evet = Kural A: hakediş DİVA çıkışında hemen ödenir. Hayır = Kural B: hakediş nakliye/montaj tamamlandıktan sonraki ay ödenir.) | C7: Evet
B9: Yıl Sonu Nakliye/Montaj Oranı Kontrol Tarihi (Kural A bayileri için) | C9: 30.11.2026
B10: Minimum Nakliye/Montaj Oranı Eşiği (Kural A) | C10: 0.75
B12: Not: 'Stok Mutabakatı' durumunu ve oranları BSH saha/finans ekibinizden teyit edin. Değer değiştiğinde tüm 'DİVA Satışları' ve 'Kontrol' sekmeleri otomatik olarak yeniden hesaplanır.

Sheet Kampanyalar
A1: Kampanya Adı (DİVA 'Paket Adı' ile BİREBİR aynı olmalı) | B1: Dönem (AAYYYY) | C1: Kampanya Tipi | D1: Ürün Grubu / Kapsam | E1: Kampanya Başlangıç | F1: Kampanya Bitiş | G1: Hakediş Son Tarihi | H1: Bayiye Ödenecek Sabit Hakediş Tutarı (TL) (boşsa DİVA indirimi esas alınır) | I1: Adet Limiti | J1: Diğer Kampanyalarla Birleşebilir mi | K1: Kaynak / Not
A2: Aralık Ankastre Set Alana 6000 TL İndirim-202512 | B2: 202512 | C2: Bundle-Set | D2: Ankastre Set (Fırın+Ocak+Davlumbaz) | E2: 04.12.2025 | F2: 31.12.2025 | G2: 31.05.2026 | H2: 4500 | I2: 2500 | J2: Tekil Evet / Bundle Hayır | K2: Kaynak: Aralık 2025 Perakende Uygulama Yazısı. PDF notu: Tüm set ürünleri aynı Diva faturasında olmalı
A3: Aralık Ankastre Set Alana 8000 TL İndirim-202512 | B3: 202512 | C3: Bundle-Set | D3: Ankastre Set (Fırın+Ocak+Davlumbaz) | E3: 04.12.2025 | F3: 31.12.2025 | G3: 31.05.2026 | H3: 6200 | I3: 2500 | J3: Tekil Evet / Bundle Hayır | K3: Kaynak: Aralık 2025 Perakende Uygulama Yazısı. PDF notu: Tüm set ürünleri aynı Diva faturasında olmalı
A4: Aralık Ayı Fırsat Ürünleri Kampanyası-202512 | B4: 202512 | C4: Diğer | D4: Çeşitli (Buzdolabı/Derin Dondurucu/Bulaşık Mak./Çamaşır Mak./Ankastre Fırın - hareketi düşük/2 yıl önce satışa kapanan modeller) | E4: 04.12.2025 | F4: 31.12.2025 | G4: 30.01.2026 | K4: Kaynak: Aralık 2025 Perakende Uygulama Yazısı. PDF notu: Fiyat farkı yöntemi: Montaj/Nakliye Adedi, sabit TL yok; hakediş son tarihi diğer kampanyalardan farklı (30.01.2026); Fiyat farkı yöntemi: Montaj/Nakliye Adedi, sabit TL yok; hakediş son tarihi diğer kampanyalardan farklı (31.01.2026)
A5: Aralık Kurutma+Bulaşık Alımına 10000 TL İndirim-202512 | B5: 202512 | C5: Bundle-Set | D5: Kurutma Makinesi + Seçili Beyaz Eşya (Buzdolabı/Çamaşır/Bulaşık/Derin Dondurucu) | E5: 04.12.2025 | F5: 31.12.2025 | G5: 31.05.2026 | H5: 8000 | I5: 3000 | J5: Tekil Evet / Bundle Hayır | K5: Kaynak: Aralık 2025 Perakende Uygulama Yazısı. PDF notu: Kampanya birleşme kısıtı: sadece tekil ile birleşir
A6: Aralık Soğutucu + Bulaşık Alımına 5000 TL İndirim-202512 | B6: 202512 | C6: Bundle-Set | D6: Beyaz Eşya 2'li Set (Buzdolabı/Çamaşır Mak./Bulaşık Mak./Derin Dondurucu) | E6: 04.12.2025 | F6: 31.12.2025 | G6: 31.05.2026 | H6: 3900 | I6: 3000 | J6: Tekil Evet / Bundle Hayır | K6: Kaynak: Aralık 2025 Perakende Uygulama Yazısı. PDF notu: Kampanya birleşme kısıtı: sadece tekil ile birleşir; Kampanya birleşme kısıtı: sadece tekil kampanyalar ile birleşir, diğer bundle kampanyalarla birleşmez
A7: Aralık Tekil Bulaşık Makinesi Kampanyası-202512 | B7: 202512 | C7: Tekil | D7: Bulaşık Makinesi | E7: 04.12.2025 | F7: 31.12.2025 | G7: 31.05.2026 | J7: Evet | K7: Kaynak: Aralık 2025 Perakende Uygulama Yazısı. PDF notu: Fiyat farkı yöntemi: Montaj/Nakliye Adedi, sabit TL tutarı belirtilmemiş
A8: Aralık Tekil Kurutma Makinesi Kampanyası-202512 | B8: 202512 | C8: Tekil | D8: Kurutma Makinesi | E8: 04.12.2025 | F8: 31.12.2025 | G8: 31.05.2026 | J8: Evet | K8: Kaynak: Aralık 2025 Perakende Uygulama Yazısı. PDF notu: 30 gün koşulsuz iade uygulaması + fiyat farkı yöntemi Montaj/Nakliye Adedi, sabit TL yok
A9: Aralık Tekil Soğutucu Kampanyası-202512 | B9: 202512 | C9: Tekil | D9: Soğutucu | E9: 04.12.2025 | F9: 31.12.2025 | G9: 31.05.2026 | J9: Evet | K9: Kaynak: Aralık 2025 Perakende Uygulama Yazısı. PDF notu: Fiyat farkı yöntemi: Montaj/Nakliye Adedi, sabit TL tutarı belirtilmemiş; Fiyat farkı yöntemi: Montaj/Nakliye Adedi, sabit TL tutarı belirtilmemiş; model listesi ile sınırlı
A10: Aralık Tekil Çamaşır Kampanyası-202512 | B10: 202512 | C10: Tekil | D10: Çamaşır Makinesi | E10: 04.12.2025 | F10: 31.12.2025 | G10: 31.05.2026 | J10: Evet | K10: Kaynak: Aralık 2025 Perakende Uygulama Yazısı. PDF notu: Fiyat farkı yöntemi: Montaj/Nakliye Adedi, sabit TL tutarı belirtilmemiş
A11: Aralık-Aile Bakanlığı Kampanyası – Bosch-202512 | B11: 202512 | C11: Diğer | D11: Çeşitli (Buzdolabı/Derin Dondurucu/Çamaşır/Kurutma/Bulaşık/Fırın/Mikrodalga/Ocak/Davlumbaz/Küçük Ev Aletleri) | E11: 04.12.2025 | F11: 31.12.2025 | G11: 31.05.2026 | K11: DİVA Paket Adı ORNEK SATIS VERISINDE TEYIT EDILEMEDI (o ay bu kampanyadan satis olmamis olabilir) - Kampanya Adi sutunu DIVA'daki gercek Paket Adi ile ADMIN tarafindan TEYIT EDILMELI. PDF notu: TRPF üzerinden ekstra %5 indirim (sabit TL değil); KEA modellerinde hakediş son tarihi 31.12.2025, diğer ürünlerde 31.05.2026; Tüketiciye TRPF üzerinden ekstra %5 indirim (sabit TL değil), Aile Bakanlığı evlilik kredisi indirim kodu ile; KEA (Küçük Ev Aletleri) modellerinde hakediş son tarihi 15.12.
A12: Aralık-Ankastre Set Fırsat 3: Seçili Ankastre Set ile Birlikte Ankastre Bulaşık Makinesi Alan Tüketicilerimize 12.000 TL İndirim-202512 | B12: 202512 | C12: Bundle-Set | D12: Ankastre Set (Fırın+Ocak+Davlumbaz) + Ankastre Bulaşık Makinesi | E12: 04.12.2025 | F12: 31.12.2025 | G12: 31.05.2026 | H12: 12000 | I12: 300 | J12: Tekil Evet / Bundle Hayır | K12: DİVA Paket Adı ORNEK SATIS VERISINDE TEYIT EDILEMEDI (o ay bu kampanyadan satis olmamis olabilir) - Kampanya Adi sutunu DIVA'daki gercek Paket Adi ile ADMIN tarafindan TEYIT EDILMELI. PDF notu: Tüm set ürünleri (fırın, ocak, davlumbaz, bulaşık makinesi) aynı Diva faturasında olmalı; Tüm set ürünleri aynı Diva faturasında olmalı
A13: Aralık-Bosch Premium Seçili Büyük Beyaz Eşya Seti - Seçili modelleden (Buzdolabı, Çamaşır Makinesi, Kurutma Makinesi, Bulaşık Makinesi ve Ankastre Fırın) Üçlü Beyaz Eşya Seti Alana BCS1041WAC Unlimited Süpürge Hediye-202512 | B13: 202512 | C13: Küçük Ev Aletleri | D13: Büyük Beyaz Eşya 3'lü Set (Buzdolabı/Çamaşır/Kurutma/Bulaşık/Ankastre Fırın) | E13: 04.12.2025 | F13: 31.12.2025 | G13: 31.05.2026 | H13: 25000 | I13: 100 | K13: DİVA Paket Adı ORNEK SATIS VERISINDE TEYIT EDILEMEDI (o ay bu kampanyadan satis olmamis olabilir) - Kampanya Adi sutunu DIVA'daki gercek Paket Adi ile ADMIN tarafindan TEYIT EDILMELI. PDF notu: Hediye ürün BCS1041WAC alımı zorunlu; Hediye ürün BCS1041WAC alımı zorunlu, alınmazsa kampanya kapsamı dışı kalır; tüketiciye TL indirimi değil hediye ürün verilir
A14: Aralık-Derin Dondurucu Kampanyası-202512 | B14: 202512 | C14: Bundle-Set | D14: Derin Dondurucu | E14: 04.12.2025 | F14: 31.12.2025 | G14: 31.05.2026 | J14: Tekil Evet / Bundle Hayır | K14: DİVA Paket Adı ORNEK SATIS VERISINDE TEYIT EDILEMEDI (o ay bu kampanyadan satis olmamis olabilir) - Kampanya Adi sutunu DIVA'daki gercek Paket Adi ile ADMIN tarafindan TEYIT EDILMELI. PDF notu: Fiyat farkı yöntemi: Montaj/Nakliye Adedi, sabit TL tutarı belirtilmemiş
A15: Aralık-Süpürge Değişim Kampanyası (Eskiyi Getir, Yeniyi Götür)-202512 | B15: 202512 | C15: Küçük Ev Aletleri | D15: Süpürge | E15: 04.12.2025 | F15: 31.12.2025 | G15: 31.12.2025 | I15: 1250 | K15: DİVA Paket Adı ORNEK SATIS VERISINDE TEYIT EDILEMEDI (o ay bu kampanyadan satis olmamis olabilir) - Kampanya Adi sutunu DIVA'daki gercek Paket Adi ile ADMIN tarafindan TEYIT EDILMELI. PDF notu: Değişim/trade-in kampanyası; hakediş tutarı belirtilmemiş, sadece yeni TRPF listesi verilmiş; eski süpürgenin kargo ile BSH İade Depo'ya gönderilmesi şart; hakediş için sabit tutar yok, hemen teslim satışı zorunlu (ileri teslim kapsam dışı); Değişim/trade-in kampanyası; hakediş tutarı belirtilmemiş,
A16: Aralık-Tekil Ankastre Kampanyası-202512 | B16: 202512 | C16: Tekil | D16: Ankastre (Fırın hariç Ocak/Davlumbaz) | E16: 04.12.2025 | F16: 31.12.2025 | G16: 31.05.2026 | J16: Evet | K16: DİVA Paket Adı ORNEK SATIS VERISINDE TEYIT EDILEMEDI (o ay bu kampanyadan satis olmamis olabilir) - Kampanya Adi sutunu DIVA'daki gercek Paket Adi ile ADMIN tarafindan TEYIT EDILMELI. PDF notu: Fiyat farkı yöntemi: Montaj/Nakliye Adedi, sabit TL tutarı belirtilmemiş
A17: Ocak-Ankastre Set Alana 6000 TL İndirim-202601 | B17: 202601 | C17: Bundle-Set | D17: Ankastre Set (Fırın+Ocak+Davlumbaz) | E17: 07.01.2026 | F17: 31.01.2026 | G17: 31.05.2026 | H17: 4500 | I17: 2500 | J17: Tekil Evet / Bundle Hayır | K17: Kaynak: Ocak 2026 Perakende Uygulama Yazısı. PDF notu: Tüm set ürünleri aynı Diva faturasında olmalı
A18: Ocak-Soğutucu+Kurutma Alımına 10000 TL İndirim-202601 | B18: 202601 | C18: Bundle-Set | D18: Kurutma Makinesi + Seçili Beyaz Eşya (Buzdolabı/Çamaşır/Bulaşık/Derin Dondurucu) | E18: 07.01.2026 | F18: 31.01.2026 | G18: 31.05.2026 | H18: 8000 | I18: 3000 | J18: Tekil Evet / Bundle Hayır | K18: Kaynak: Ocak 2026 Perakende Uygulama Yazısı. PDF notu: Kampanya birleşme kısıtı: sadece tekil ile birleşir
A19: Ocak-Tekil Bulaşık Makinesi Kampanyası-202601 | B19: 202601 | C19: Tekil | D19: Bulaşık Makinesi | E19: 07.01.2026 | F19: 31.01.2026 | G19: 31.05.2026 | J19: Evet | K19: Kaynak: Ocak 2026 Perakende Uygulama Yazısı. PDF notu: Fiyat farkı yöntemi: Montaj/Nakliye Adedi, sabit TL tutarı belirtilmemiş; Fiyat farkı yöntemi: Montaj/Nakliye Adedi, sabit TL yok; stok mutabakatı %75 kuralı (30.11.2026) geçerli
A20: Ocak-Tekil Kurutma Makinesi Kampanyası-202601 | B20: 202601 | C20: Tekil | D20: Kurutma Makinesi | E20: 07.01.2026 | F20: 31.01.2026 | G20: 31.05.2026 | J20: Evet | K20: Kaynak: Ocak 2026 Perakende Uygulama Yazısı. PDF notu: 30 gün koşulsuz iade + fiyat farkı yöntemi Montaj/Nakliye Adedi, sabit TL yok; stok mutabakatı %75 kuralı geçerli; 30 gün koşulsuz iade uygulaması + fiyat farkı yöntemi Montaj/Nakliye Adedi, sabit TL yok
A21: Ocak-Tekil Soğutucu Kampanyası-202601 | B21: 202601 | C21: Tekil | D21: Soğutucu | E21: 07.01.2026 | F21: 31.01.2026 | G21: 31.05.2026 | J21: Evet | K21: Kaynak: Ocak 2026 Perakende Uygulama Yazısı. PDF notu: Fiyat farkı yöntemi: Montaj/Nakliye Adedi, sabit TL tutarı belirtilmemiş; Fiyat farkı yöntemi: Montaj/Nakliye Adedi, sabit TL yok. Bu aydan itibaren stok mutabakatı yapılmış bayilerde 30.11.2026 itibariyle nakliye/montaj oranı toplam hakedişin min. %75'i olmalı, altındaysa fark mahsuplaşılır
A22: Ocak-Tekil Çamaşır Kampanyası-202601 | B22: 202601 | C22: Tekil | D22: Çamaşır Makinesi | E22: 07.01.2026 | F22: 31.01.2026 | G22: 31.05.2026 | J22: Evet | K22: Kaynak: Ocak 2026 Perakende Uygulama Yazısı. PDF notu: Fiyat farkı yöntemi: Montaj/Nakliye Adedi, sabit TL tutarı belirtilmemiş; Fiyat farkı yöntemi: Montaj/Nakliye Adedi, sabit TL yok; stok mutabakatı %75 kuralı (30.11.2026) geçerli
A23: Ocak-Aile Bakanlığı Kampanyası – Bosch-202601 | B23: 202601 | C23: Diğer | D23: Çeşitli (Buzdolabı/Derin Dondurucu/Çamaşır/Kurutma/Bulaşık/Fırın/Mikrodalga/Ocak/Davlumbaz/Küçük Ev Aletleri) | E23: 07.01.2026 | F23: 31.01.2026 | G23: 31.05.2026 | K23: DİVA Paket Adı ORNEK SATIS VERISINDE TEYIT EDILEMEDI (o ay bu kampanyadan satis olmamis olabilir) - Kampanya Adi sutunu DIVA'daki gercek Paket Adi ile ADMIN tarafindan TEYIT EDILMELI. PDF notu: TRPF üzerinden ekstra %5 indirim (sabit TL değil); KEA modellerinde hakediş son tarihi 15.01.2026, diğer ürünlerde 31.05.2026; TRPF üzerinden ekstra %5 indirim (sabit TL değil); KEA modellerinde hakediş son tarihi 31.01.2026, diğer ürünlerde 31.05.2026
A24: Ocak-Ankastre Set Fırsat 2: Seçili Ankastre Set Alan Tüketicilerimize 8.000 TL İndirim-202601 | B24: 202601 | C24: Bundle-Set | D24: Ankastre Set (Fırın+Ocak+Davlumbaz) | E24: 07.01.2026 | F24: 31.01.2026 | G24: 31.05.2026 | H24: 6200 | I24: 2500 | J24: Tekil Evet / Bundle Hayır | K24: DİVA Paket Adı ORNEK SATIS VERISINDE TEYIT EDILEMEDI (o ay bu kampanyadan satis olmamis olabilir) - Kampanya Adi sutunu DIVA'daki gercek Paket Adi ile ADMIN tarafindan TEYIT EDILMELI. PDF notu: Tüm set ürünleri aynı Diva faturasında olmalı
A25: Ocak-Ankastre Set Fırsat 3: Seçili Ankastre Set ile Birlikte Ankastre Bulaşık Makinesi Alan Tüketicilerimize 12.000 TL İndirim-202601 | B25: 202601 | C25: Bundle-Set | D25: Ankastre Set (Fırın+Ocak+Davlumbaz) + Ankastre Bulaşık Makinesi | E25: 07.01.2026 | F25: 31.01.2026 | G25: 31.05.2026 | H25: 12000 | I25: 300 | J25: Tekil Evet / Bundle Hayır | K25: DİVA Paket Adı ORNEK SATIS VERISINDE TEYIT EDILEMEDI (o ay bu kampanyadan satis olmamis olabilir) - Kampanya Adi sutunu DIVA'daki gercek Paket Adi ile ADMIN tarafindan TEYIT EDILMELI. PDF notu: Tüm set ürünleri aynı Diva faturasında olmalı
A26: Ocak-Bosch Premium Seçili Büyük Beyaz Eşya Seti - Seçili modelleden (Buzdolabı, Çamaşır Makinesi, Kurutma Makinesi, Bulaşık Makinesi) 4'lü Beyaz Eşya Seti Alana BCS1041WAC Unlimited Süpürge Hediye-202601 | B26: 202601 | C26: Küçük Ev Aletleri | D26: Büyük Beyaz Eşya 4'lü Set (Buzdolabı/Çamaşır/Kurutma/Bulaşık) | E26: 07.01.2026 | F26: 31.01.2026 | G26: 31.05.2026 | H26: 27000 | I26: 100 | K26: DİVA Paket Adı ORNEK SATIS VERISINDE TEYIT EDILEMEDI (o ay bu kampanyadan satis olmamis olabilir) - Kampanya Adi sutunu DIVA'daki gercek Paket Adi ile ADMIN tarafindan TEYIT EDILMELI. PDF notu: Hediye alınmazsa 34.000 TL indirim uygulanır; Hediye alınmazsa 34.000 TL indirim uygulanır (Ankastre Fırın bu ay set kapsamı dışı, önceki aydan farklı)
A27: Ocak-Derin Dondurucu Kampanyası-202601 | B27: 202601 | C27: Bundle-Set | D27: Derin Dondurucu | E27: 20.01.2026 | F27: 31.01.2026 | G27: 31.05.2026 | J27: Tekil Evet / Bundle Hayır | K27: DİVA Paket Adı ORNEK SATIS VERISINDE TEYIT EDILEMEDI (o ay bu kampanyadan satis olmamis olabilir) - Kampanya Adi sutunu DIVA'daki gercek Paket Adi ile ADMIN tarafindan TEYIT EDILMELI. PDF notu: Fiyat farkı yöntemi: Montaj/Nakliye Adedi, sabit TL yok; model tablosu tekrar mevcut (önceki PDF'te yoktu)
A28: Ocak-Ocak Ayı Bulaşık Makineli Çeyiz Seti - 3 Büyük Beyaz Eşya (Buzdolabı, Çamaşır Makinesi, Kurutma Makinesi, Derin Dondurucu) ile Birlikte SMS26DW00T Bulaşık Makinesi Alımına Hediye Edilecektir-202601 | B28: 202601 | C28: Bundle-Set | D28: Büyük Beyaz Eşya 3'lü Set + Bulaşık Makinesi | E28: 07.01.2026 | F28: 31.01.2026 | G28: 31.05.2026 | H28: 17900 | I28: 2000 | J28: Tekil Evet / Bundle Hayır | K28: DİVA Paket Adı ORNEK SATIS VERISINDE TEYIT EDILEMEDI (o ay bu kampanyadan satis olmamis olabilir) - Kampanya Adi sutunu DIVA'daki gercek Paket Adi ile ADMIN tarafindan TEYIT EDILMELI. PDF notu: SMS26DW00T hediye edilir; farklı bulaşık makinesi tercih edilirse 22.000 TL indirim uygulanır; tekil ile birleşir, bundle ile birleşmez
A29: Ocak-Ocak Ayı Fırsat Ürünleri Kampanyası-202601 | B29: 202601 | C29: Diğer | D29: Çeşitli (Buzdolabı/Derin Dondurucu/Bulaşık Mak./Çamaşır Mak./Ankastre Fırın - hareketi düşük modeller) | E29: 07.01.2026 | F29: 31.01.2026 | G29: 28.02.2026 | K29: DİVA Paket Adı ORNEK SATIS VERISINDE TEYIT EDILEMEDI (o ay bu kampanyadan satis olmamis olabilir) - Kampanya Adi sutunu DIVA'daki gercek Paket Adi ile ADMIN tarafindan TEYIT EDILMELI. PDF notu: Fiyat farkı yöntemi: Montaj/Nakliye Adedi, sabit TL yok; hakediş son tarihi diğer kampanyalardan farklı (28.02.2026)
A30: Ocak-Tekil Ankastre Kampanyası-202601 | B30: 202601 | C30: Tekil | D30: Ankastre (Fırın hariç Ocak/Davlumbaz) | E30: 07.01.2026 | F30: 31.01.2026 | G30: 31.05.2026 | J30: Evet | K30: DİVA Paket Adı ORNEK SATIS VERISINDE TEYIT EDILEMEDI (o ay bu kampanyadan satis olmamis olabilir) - Kampanya Adi sutunu DIVA'daki gercek Paket Adi ile ADMIN tarafindan TEYIT EDILMELI. PDF notu: Fiyat farkı yöntemi: Montaj/Nakliye Adedi, sabit TL tutarı belirtilmemiş
A31: Şubat Ayı Fırsat Ürünleri Kampanyası-202602 | B31: 202602 | C31: Diğer | D31: Çeşitli (Buzdolabı/Derin Dondurucu/Bulaşık Mak./Çamaşır Mak./Ankastre Fırın - hareketi düşük modeller) | E31: 04.02.2026 | F31: 28.02.2026 | G31: 31.03.2026 | K31: Kaynak: Şubat 2026 Perakende Uygulama Yazısı. PDF notu: Fiyat farkı yöntemi: Montaj/Nakliye Adedi, sabit TL yok; hakediş son tarihi diğer kampanyalardan farklı (31.03.2026); Hareket hızı düşük/2 yıl önce satışa kapanan modeller; hakediş son tarihi diğerlerinden farklı olarak 31.03.2026
A32: Şubat XL/XXL Soğutucu-RDW1276 Su Sebili Kampanyası-202602 | B32: 202602 | C32: Bundle-Set | D32: Buzdolabı (XL/XXL) | E32: 04.02.2026 | F32: 28.02.2026 | G32: 30.11.2026 | H32: 7200 | I32: 2500 | J32: Tekil Evet / Bundle Hayır | K32: Kaynak: Şubat 2026 Perakende Uygulama Yazısı. PDF notu: RDW1276 su sebili hediye; alınmazsa 9.700 TL indirim; Yeni kampanya (önceki 4 PDF'te yoktu); hediye RDW1276 su sebili alınmazsa 9.700 TL indirim uygulanır; tekil ile birleşir, bundle ile birleşmez
A33: Şubat-Ankastre Set Alana 6000 TL İndirim-202602 | B33: 202602 | C33: Bundle-Set | D33: Ankastre Set (Fırın+Ocak+Davlumbaz) | E33: 04.02.2026 | F33: 28.02.2026 | G33: 30.11.2026 | H33: 4500 | I33: 2500 | J33: Tekil Evet / Bundle Hayır | K33: Kaynak: Şubat 2026 Perakende Uygulama Yazısı. PDF notu: Tüm set ürünleri aynı Diva faturasında olmalı; ankastre fırın model listesi daralmış (HUA717 serisi bu kampanyadan çıkmış)
A34: Şubat-Bulaşık Makineli Çeyiz Seti 2-202602 | B34: 202602 | C34: Bundle-Set | D34: 3'lü Büyük Beyaz Eşya + Bulaşık Makinesi | E34: 17.02.2026 | F34: 28.02.2026 | G34: 30.11.2026 | H34: 8000 | I34: 3000 | J34: Tekil Evet / Bundle Hayır | K34: Kaynak: Şubat 2026 Perakende Uygulama Yazısı. DİKKAT: Ay içindeki iki uygulama yazısı arasında tutar farkı görüldü (tüketici indirimleri: [10000, 23090], bayi hakedişleri: [8000, 17900]); en güncel (son yarı) değer alındı, admin teyit etmeli. PDF notu: En az 3 büyük beyaz eşya + SMS26DW00T bulaşık makinesi alımına hediye/indirim; Metinde 'Şubat Ayı Kurutmalı 2'li Beyaz Eşya Fırsatı' olarak da anılıyor
A35: Şubat-Bulaşık Makineli Çeyiz Seti 4-202602 | B35: 202602 | C35: Bundle-Set | D35: Büyük Beyaz Eşya 4'lü Set (Buzdolabı/Çamaşır/Kurutma/Bulaşık) | E35: 04.02.2026 | F35: 15.02.2026 | G35: 30.11.2026 | H35: 27000 | I35: 100 | J35: Tekil Evet / Bundle Hayır | K35: Kaynak: Şubat 2026 Perakende Uygulama Yazısı. PDF notu: Hediye alınmazsa 35.450 TL indirim uygulanır (önceki ayda 34.000 TL idi)
A36: Şubat-Tekil Bulaşık Makinesi Kampanyası-202602 | B36: 202602 | C36: Tekil | D36: Bulaşık Makinesi | E36: 04.02.2026 | F36: 28.02.2026 | G36: 30.11.2026 | J36: Evet | K36: Kaynak: Şubat 2026 Perakende Uygulama Yazısı. PDF notu: Fiyat farkı yöntemi: Montaj/Nakliye Adedi, sabit TL yok; stok mutabakatı %75 kuralı (30.11.2026) geçerli
A37: Şubat-Tekil Derin Dondurucu Kampanyası-202602 | B37: 202602 | C37: Tekil | D37: Derin Dondurucu | E37: 04.02.2026 | F37: 28.02.2026 | G37: 30.11.2026 | J37: Evet | K37: Kaynak: Şubat 2026 Perakende Uygulama Yazısı. PDF notu: Fiyat farkı yöntemi: Montaj/Nakliye Adedi, sabit TL yok
A38: Şubat-Tekil Kurutma Makinesi Kampanyası-202602 | B38: 202602 | C38: Tekil | D38: Kurutma Makinesi | E38: 04.02.2026 | F38: 28.02.2026 | G38: 30.11.2026 | J38: Evet | K38: Kaynak: Şubat 2026 Perakende Uygulama Yazısı. PDF notu: 30 gün koşulsuz iade + fiyat farkı yöntemi Montaj/Nakliye Adedi, sabit TL yok; stok mutabakatı %75 kuralı geçerli; 30 gün koşulsuz iade uygulaması da mevcut
A39: Şubat-Tekil Soğutucu Kampanyası-202602 | B39: 202602 | C39: Tekil | D39: Soğutucu | E39: 04.02.2026 | F39: 28.02.2026 | G39: 30.11.2026 | J39: Evet | K39: Kaynak: Şubat 2026 Perakende Uygulama Yazısı. PDF notu: Fiyat farkı Montaj/Nakliye Adedi yöntemiyle hesaplanır, sabit TL belirtilmemiş; Fiyat farkı yöntemi: Montaj/Nakliye Adedi, sabit TL yok; hakediş invoicing/montaj penceresi bu ay itibariyle 30.11.2026'ya uzatıldı; stok mutabakatı %75 kuralı (30.11.2026) geçerli
A40: Şubat-Tekil Çamaşır Kampanyası-202602 | B40: 202602 | C40: Tekil | D40: Çamaşır Makinesi | E40: 04.02.2026 | F40: 28.02.2026 | G40: 30.11.2026 | J40: Evet | K40: Kaynak: Şubat 2026 Perakende Uygulama Yazısı. PDF notu: Fiyat farkı yöntemi: Montaj/Nakliye Adedi, sabit TL yok; stok mutabakatı %75 kuralı (30.11.2026) geçerli
A41: Şubat-Çamaşır+Kurutma Alımına 10000 TL İndirim-202602 | B41: 202602 | C41: Bundle-Set | D41: Kurutma Makinesi + Seçili Beyaz Eşya (Buzdolabı/Çamaşır/Bulaşık/Derin Dondurucu) | E41: 04.02.2026 | F41: 15.02.2026 | G41: 30.11.2026 | H41: 8000 | I41: 3000 | J41: Tekil Evet / Bundle Hayır | K41: Kaynak: Şubat 2026 Perakende Uygulama Yazısı. PDF notu: Kampanya birleşme kısıtı: sadece tekil ile birleşir
A42: Şubat-Aile Bakanlığı Kampanyası – Bosch-202602 | B42: 202602 | C42: Diğer | D42: Çeşitli (Buzdolabı/Derin Dondurucu/Çamaşır/Kurutma/Bulaşık/Fırın/Mikrodalga/Ocak/Davlumbaz/Küçük Ev Aletleri) | E42: 04.02.2026 | F42: 28.02.2026 | G42: 30.11.2026 | K42: DİVA Paket Adı ORNEK SATIS VERISINDE TEYIT EDILEMEDI (o ay bu kampanyadan satis olmamis olabilir) - Kampanya Adi sutunu DIVA'daki gercek Paket Adi ile ADMIN tarafindan TEYIT EDILMELI. PDF notu: Evlenecek gençlere indirim kodu ile ekstra %5 indirim; KEA modeller için hakediş son tarihi 28.02.2026; TRPF üzerinden ekstra %5 indirim (sabit TL değil); KEA modellerinde hakediş son tarihi 15.02.2026, diğer ürünlerde 30.11.2026
A43: Şubat-Ankastre Set Fırsat 2: Seçili Ankastre Set Alan Tüketicilerimize 8.000 TL İndirim-202602 | B43: 202602 | C43: Bundle-Set | D43: Ankastre Set (Fırın+Ocak+Davlumbaz) | E43: 04.02.2026 | F43: 28.02.2026 | G43: 30.11.2026 | H43: 6200 | I43: 2500 | J43: Tekil Evet / Bundle Hayır | K43: DİVA Paket Adı ORNEK SATIS VERISINDE TEYIT EDILEMEDI (o ay bu kampanyadan satis olmamis olabilir) - Kampanya Adi sutunu DIVA'daki gercek Paket Adi ile ADMIN tarafindan TEYIT EDILMELI. PDF notu: Tüm set ürünleri aynı Diva faturasında olmalı
A44: Şubat-Ankastre Set Fırsat 3: Seçili Ankastre Set ile Birlikte Ankastre Bulaşık Makinesi Alan Tüketicilerimize 12.000 TL İndirim-202602 | B44: 202602 | C44: Bundle-Set | D44: Ankastre Set (Fırın+Ocak+Davlumbaz) + Ankastre Bulaşık Makinesi | E44: 04.02.2026 | F44: 28.02.2026 | G44: 30.11.2026 | H44: 12000 | I44: 300 | J44: Tekil Evet / Bundle Hayır | K44: DİVA Paket Adı ORNEK SATIS VERISINDE TEYIT EDILEMEDI (o ay bu kampanyadan satis olmamis olabilir) - Kampanya Adi sutunu DIVA'daki gercek Paket Adi ile ADMIN tarafindan TEYIT EDILMELI. PDF notu: Tüm set ürünleri aynı Diva faturasında olmalı; kapsama CDG714XB1 ve CMG7241B1 ankastre fırın kodları eklendi
A45: Şubat-Bosch Premium Seçili Büyük Beyaz Eşya Seti-202602 | B45: 202602 | C45: Bundle-Set | D45: 4'lü Beyaz Eşya Seti (Buzdolabı+Çamaşır+Kurutma+Bulaşık) | E45: 17.02.2026 | F45: 28.02.2026 | G45: 30.11.2026 | H45: 27000 | I45: 100 | J45: Tekil Evet / Bundle Hayır | K45: DİVA Paket Adı ORNEK SATIS VERISINDE TEYIT EDILEMEDI (o ay bu kampanyadan satis olmamis olabilir) - Kampanya Adi sutunu DIVA'daki gercek Paket Adi ile ADMIN tarafindan TEYIT EDILMELI. PDF notu: BCS1041WAC Unlimited süpürge hediye; alınmazsa 35.450 TL indirim
A46: Şubat-Tekil Ankastre Kampanyası-202602 | B46: 202602 | C46: Tekil | D46: Ankastre (Fırın hariç Ocak/Davlumbaz) | E46: 04.02.2026 | F46: 28.02.2026 | G46: 30.11.2026 | J46: Evet | K46: DİVA Paket Adı ORNEK SATIS VERISINDE TEYIT EDILEMEDI (o ay bu kampanyadan satis olmamis olabilir) - Kampanya Adi sutunu DIVA'daki gercek Paket Adi ile ADMIN tarafindan TEYIT EDILMELI. PDF notu: Fiyat farkı yöntemi: Montaj/Nakliye Adedi, sabit TL tutarı belirtilmemiş; model listesi güncellendi
A47: Şubat-Şubat Ayı Bulaşık Makineli Çeyiz Seti - 3 Büyük Beyaz Eşya (Buzdolabı, Çamaşır Makinesi, Kurutma Makinesi, Derin Dondurucu) ile Birlikte SMS26DW00T Bulaşık Makinesi Alımına Hediye Edilecektir-202602 | B47: 202602 | C47: Bundle-Set | D47: Büyük Beyaz Eşya 3'lü Set + Bulaşık Makinesi | E47: 04.02.2026 | F47: 15.02.2026 | G47: 30.11.2026 | H47: 17900 | I47: 2000 | J47: Tekil Evet / Bundle Hayır | K47: DİVA Paket Adı ORNEK SATIS VERISINDE TEYIT EDILEMEDI (o ay bu kampanyadan satis olmamis olabilir) - Kampanya Adi sutunu DIVA'daki gercek Paket Adi ile ADMIN tarafindan TEYIT EDILMELI. PDF notu: SMS26DW00T hediye edilir; farklı bulaşık makinesi tercih edilirse 23.090 TL indirim uygulanır (önceki aylarda 22.000 TL idi); tekil ile birleşir, bundle ile birleşmez
A48: Şubat-Şubat Ayı Küçük Ev Aletleri Fırsatları (Unlimited Kampanyası)-202602 | B48: 202602 | C48: Küçük Ev Aletleri | D48: Küçük Ev Aletleri (Unlimited süpürge/hijyenik süpürge) | E48: 17.02.2026 | F48: 28.02.2026 | G48: 28.02.2026 | I48: 3000 | K48: DİVA Paket Adı ORNEK SATIS VERISINDE TEYIT EDILEMEDI (o ay bu kampanyadan satis olmamis olabilir) - Kampanya Adi sutunu DIVA'daki gercek Paket Adi ile ADMIN tarafindan TEYIT EDILMELI. PDF notu: Diva Hemen Teslim Fatura yöntemi, sabit TL yok; 'Şubat Ayı Unlimited Kampanyası-202602' adıyla anılıyor
A49: Mart Ayı Fırsat Ürünleri Kampanyası-202603 | B49: 202603 | C49: Diğer | D49: Karma (Buzdolabı, Derin Dondurucu, Bulaşık Mak., Çamaşır Mak., Ankastre Fırın) | E49: 05.03.2026 | F49: 31.03.2026 | G49: 30.04.2026 | K49: Kaynak: Mart 2026 Perakende Uygulama Yazısı. PDF notu: Hareket hızı düşük/eski modeller
A50: Mart XL/XXL Soğutucu-RDW1276 Su Sebili Kampanyası-202603 | B50: 202603 | C50: Bundle-Set | D50: Buzdolabı (XL/XXL) | E50: 05.03.2026 | F50: 31.03.2026 | G50: 30.11.2026 | H50: 7200 | I50: 2500 | J50: Tekil Evet / Bundle Hayır | K50: Kaynak: Mart 2026 Perakende Uygulama Yazısı.
A51: Mart-4'lü Çeyiz Seti 2- 202603 | B51: 202603 | C51: Bundle-Set | D51: Beyaz Eşya 2'li Set | E51: 17.03.2026 | F51: 31.03.2026 | G51: 30.11.2026 | H51: 4000 | I51: 4000 | J51: Tekil Evet / Bundle Hayır | K51: Kaynak: Mart 2026 Perakende Uygulama Yazısı.
A52: Mart-4'lü Çeyiz Seti 4 -202603 | B52: 202603 | C52: Bundle-Set | D52: 4'lü Büyük Beyaz Eşya Seti (Buzdolabı+Çamaşır+Kurutma+Derin Dondurucu) | E52: 05.03.2026 | F52: 31.03.2026 | G52: 30.11.2026 | H52: 27000 | I52: 100 | J52: Tekil Evet / Bundle Hayır | K52: Kaynak: Mart 2026 Perakende Uygulama Yazısı. DİKKAT: Ay içindeki iki uygulama yazısı arasında tutar farkı görüldü (tüketici indirimleri: [15000, 36510], bayi hakedişleri: [12200, 27000]); en güncel (son yarı) değer alındı, admin teyit etmeli. PDF notu: Bu ay ürün grubuna Bulaşık Makinesi de eklendi (5 kategoriden herhangi 4 adet alımı yeterli); Hediye alınmazsa 36.510 TL indirim
A53: Mart-Ankastre Set Alana 6000 TL İndirim-202603 | B53: 202603 | C53: Bundle-Set | D53: Ankastre Set | E53: 05.03.2026 | F53: 31.03.2026 | G53: 30.11.2026 | H53: 4500 | I53: 2500 | J53: Tekil Evet / Bundle Hayır | K53: Kaynak: Mart 2026 Perakende Uygulama Yazısı.
A54: Mart-Ankastre Set Alana 8000 TL İndirim-202603 | B54: 202603 | C54: Bundle-Set | D54: Ankastre Set | E54: 05.03.2026 | F54: 31.03.2026 | G54: 30.11.2026 | H54: 6200 | I54: 2500 | J54: Tekil Evet / Bundle Hayır | K54: Kaynak: Mart 2026 Perakende Uygulama Yazısı.
A55: Mart-Tekil Bulaşık Makinesi Kampanyası-202603 | B55: 202603 | C55: Tekil | D55: Bulaşık Makinesi | E55: 05.03.2026 | F55: 31.03.2026 | G55: 30.11.2026 | J55: Evet | K55: Kaynak: Mart 2026 Perakende Uygulama Yazısı.
A56: Mart-Tekil Derin Dondurucu Kampanyası-202603 | B56: 202603 | C56: Tekil | D56: Derin Dondurucu | E56: 05.03.2026 | F56: 31.03.2026 | G56: 30.11.2026 | J56: Evet | K56: Kaynak: Mart 2026 Perakende Uygulama Yazısı.
A57: Mart-Tekil Kurutma Makinesi Kampanyası-202603 | B57: 202603 | C57: Tekil | D57: Kurutma Makinesi | E57: 05.03.2026 | F57: 31.03.2026 | G57: 30.11.2026 | J57: Evet | K57: Kaynak: Mart 2026 Perakende Uygulama Yazısı. PDF notu: 30 gün koşulsuz iade uygulaması da mevcut
A58: Mart-Tekil Soğutucu Kampanyası-202603 | B58: 202603 | C58: Tekil | D58: Soğutucu | E58: 05.03.2026 | F58: 31.03.2026 | G58: 30.11.2026 | J58: Evet | K58: Kaynak: Mart 2026 Perakende Uygulama Yazısı.
A59: Mart-Tekil Çamaşır Kampanyası-202603 | B59: 202603 | C59: Tekil | D59: Çamaşır Makinesi | E59: 05.03.2026 | F59: 31.03.2026 | G59: 30.11.2026 | J59: Evet | K59: Kaynak: Mart 2026 Perakende Uygulama Yazısı.
A60: Mart-Çamaşır+Kurutma Alımına 10000 TL İndirim-202603 | B60: 202603 | C60: Bundle-Set | D60: Kurutma Makinesi + Seçili Beyaz Eşya | E60: 05.03.2026 | F60: 31.03.2026 | G60: 30.11.2026 | H60: 8000 | I60: 3000 | J60: Tekil Evet / Bundle Hayır | K60: Kaynak: Mart 2026 Perakende Uygulama Yazısı.
A61: Mart-Aile Bakanlığı Kampanyası – Bosch-202603 | B61: 202603 | C61: Diğer | D61: Karma | E61: 05.03.2026 | F61: 31.03.2026 | G61: 30.11.2026 | K61: DİVA Paket Adı ORNEK SATIS VERISINDE TEYIT EDILEMEDI (o ay bu kampanyadan satis olmamis olabilir) - Kampanya Adi sutunu DIVA'daki gercek Paket Adi ile ADMIN tarafindan TEYIT EDILMELI. PDF notu: %5 ekstra indirim; KEA modeller için hakediş son tarihi 15.03.2026; %5 ekstra indirim; KEA modeller için hakediş son tarihi 31.03.2026
A62: Mart-Ankastre Set Fırsat 3: Seçili Ankastre Set ile Birlikte Ankastre Bulaşık Makinesi veya Ankastre Mikrodalga Alan Tüketicilerimize 12.000 TL İndirim-202603 | B62: 202603 | C62: Bundle-Set | D62: Ankastre Set + Ankastre Bulaşık Makinesi/Mikrodalga | E62: 05.03.2026 | F62: 31.03.2026 | G62: 30.11.2026 | H62: 12000 | I62: 300 | J62: Tekil Evet / Bundle Hayır | K62: DİVA Paket Adı ORNEK SATIS VERISINDE TEYIT EDILEMEDI (o ay bu kampanyadan satis olmamis olabilir) - Kampanya Adi sutunu DIVA'daki gercek Paket Adi ile ADMIN tarafindan TEYIT EDILMELI.
A63: Mart-Mart Ayı 2'li Beyaz Eşya Fırsatı-202603 | B63: 202603 | C63: Bundle-Set | D63: Beyaz Eşya 2'li Set (Buzdolabı/Çamaşır/Bulaşık/Derin Dondurucu) | E63: 05.03.2026 | F63: 15.03.2026 | G63: 30.11.2026 | H63: 4000 | I63: 4000 | J63: Tekil Evet / Bundle Hayır | K63: DİVA Paket Adı ORNEK SATIS VERISINDE TEYIT EDILEMEDI (o ay bu kampanyadan satis olmamis olabilir) - Kampanya Adi sutunu DIVA'daki gercek Paket Adi ile ADMIN tarafindan TEYIT EDILMELI.
A64: Mart-Mart Ayı Küçük Ev Aletleri Fırsatları (Seçili Mutfak Makinesi Kampanyası)-202603 | B64: 202603 | C64: Küçük Ev Aletleri | D64: Küçük Ev Aletleri (Mutfak Makineleri) | E64: 05.03.2026 | F64: 31.03.2026 | G64: 31.03.2026 | I64: 5000 | K64: DİVA Paket Adı ORNEK SATIS VERISINDE TEYIT EDILEMEDI (o ay bu kampanyadan satis olmamis olabilir) - Kampanya Adi sutunu DIVA'daki gercek Paket Adi ile ADMIN tarafindan TEYIT EDILMELI. PDF notu: Diva Hemen Teslim Fatura yöntemi, sabit TL belirtilmemiş
A65: Mart-Stanley Mug Hediyeli Espresso Makineleri-202603 | B65: 202603 | C65: Küçük Ev Aletleri | D65: Küçük Ev Aletleri (Tam Otomatik Espresso Makinesi) | E65: 05.03.2026 | F65: 31.03.2026 | G65: 31.03.2026 | I65: 150 | K65: DİVA Paket Adı ORNEK SATIS VERISINDE TEYIT EDILEMEDI (o ay bu kampanyadan satis olmamis olabilir) - Kampanya Adi sutunu DIVA'daki gercek Paket Adi ile ADMIN tarafindan TEYIT EDILMELI. PDF notu: Stanley Mug hediye; fiyat farkı belirtilmemiş; montaj/tanıtım 31.03.2026'ya kadar; Stanley Mug hediye; fiyat farkı tutarı sonradan bildirilecek; montaj/tanıtım 31.03.2026'ya kadar
A66: Mart-Tekil Ankastre Kampanyası-202603 | B66: 202603 | C66: Tekil | D66: Ankastre (Fırın/Ocak/Davlumbaz) | E66: 05.03.2026 | F66: 31.03.2026 | G66: 30.11.2026 | J66: Evet | K66: DİVA Paket Adı ORNEK SATIS VERISINDE TEYIT EDILEMEDI (o ay bu kampanyadan satis olmamis olabilir) - Kampanya Adi sutunu DIVA'daki gercek Paket Adi ile ADMIN tarafindan TEYIT EDILMELI.
A67: Nisan Ayı Fırsat Ürünleri Kampanyası-202604 | B67: 202604 | C67: Diğer | D67: Karma (Buzdolabı, Derin Dondurucu, Bulaşık Mak., Çamaşır Mak., Ankastre Fırın) | E67: 04.04.2026 | F67: 30.04.2026 | G67: 31.05.2026 | K67: Kaynak: Nisan 2026 Perakende Uygulama Yazısı. PDF notu: Hareket hızı düşük/eski modeller
A68: Nisan XL/XXL Soğutucu-RDW1276 Su Sebili Kampanyası-202604 | B68: 202604 | C68: Bundle-Set | D68: Buzdolabı (XL/XXL) | E68: 04.04.2026 | F68: 30.04.2026 | G68: 30.11.2026 | H68: 7900 | I68: 2500 | J68: Tekil Evet / Bundle Hayır | K68: Kaynak: Nisan 2026 Perakende Uygulama Yazısı. PDF notu: İndirim/hakediş tutarı önceki aylara göre artırıldı (Şubat-Mart'ta 9.700/7.200 TL idi)
A69: Nisan Çamaşır+Bulaşık Alımına 5000 TL İndirim-202604 | B69: 202604 | C69: Bundle-Set | D69: Beyaz Eşya 2'li Set | E69: 04.04.2026 | F69: 30.04.2026 | G69: 30.11.2026 | H69: 4000 | I69: 4000 | J69: Tekil Evet / Bundle Hayır | K69: Kaynak: Nisan 2026 Perakende Uygulama Yazısı.
A70: Nisan-Ankastre Set Alana 11.400 TL İndirim-202604 | B70: 202604 | C70: Bundle-Set | D70: Ankastre Set + Davlumbaz | E70: 04.04.2026 | F70: 30.04.2026 | G70: 30.11.2026 | H70: 8850 | I70: 2500 | J70: Tekil Evet / Bundle Hayır | K70: Kaynak: Nisan 2026 Perakende Uygulama Yazısı. PDF notu: DWK63PJ20T/60T/61T davlumbaz hediye; alınmazsa 11.400 TL indirim
A71: Nisan-Ankastre Set Alana 6000 TL İndirim-202604 | B71: 202604 | C71: Bundle-Set | D71: Ankastre Set | E71: 04.04.2026 | F71: 30.04.2026 | G71: 30.11.2026 | H71: 4500 | I71: 2500 | J71: Tekil Evet / Bundle Hayır | K71: Kaynak: Nisan 2026 Perakende Uygulama Yazısı.
A72: Nisan-Tekil Bulaşık Makinesi Kampanyası-202604 | B72: 202604 | C72: Tekil | D72: Bulaşık Makinesi | E72: 04.04.2026 | F72: 30.04.2026 | G72: 30.11.2026 | J72: Evet | K72: Kaynak: Nisan 2026 Perakende Uygulama Yazısı.
A73: Nisan-Tekil Kurutma Makinesi Kampanyası-202604 | B73: 202604 | C73: Tekil | D73: Kurutma Makinesi | E73: 04.04.2026 | F73: 30.04.2026 | G73: 30.11.2026 | J73: Evet | K73: Kaynak: Nisan 2026 Perakende Uygulama Yazısı. PDF notu: 30 gün koşulsuz iade uygulaması da mevcut
A74: Nisan-Tekil Soğutucu Kampanyası-202604 | B74: 202604 | C74: Tekil | D74: Soğutucu | E74: 04.04.2026 | F74: 30.04.2026 | G74: 30.11.2026 | J74: Evet | K74: Kaynak: Nisan 2026 Perakende Uygulama Yazısı.
A75: Nisan-Tekil Çamaşır Kampanyası-202604 | B75: 202604 | C75: Tekil | D75: Çamaşır Makinesi | E75: 04.04.2026 | F75: 30.04.2026 | G75: 30.11.2026 | J75: Evet | K75: Kaynak: Nisan 2026 Perakende Uygulama Yazısı.
A76: Nisan-Çamaşır+Kurutma Alımına 10000 TL İndirim-202604 | B76: 202604 | C76: Bundle-Set | D76: Kurutma Makinesi + Seçili Beyaz Eşya | E76: 04.04.2026 | F76: 30.04.2026 | G76: 30.11.2026 | H76: 8000 | I76: 3000 | J76: Tekil Evet / Bundle Hayır | K76: Kaynak: Nisan 2026 Perakende Uygulama Yazısı.
A77: Nisan-4'lü Beyaz Eşya Seti Alana BCS1041WAC Unlimited Süpürge Hediye-202604 | B77: 202604 | C77: Küçük Ev Aletleri | D77: 4'lü Beyaz Eşya Seti (Buzdolabı+Çamaşır+Kurutma+Bulaşık) | E77: 04.04.2026 | F77: 30.04.2026 | G77: 30.11.2026 | H77: 27000 | I77: 100 | K77: DİVA Paket Adı ORNEK SATIS VERISINDE TEYIT EDILEMEDI (o ay bu kampanyadan satis olmamis olabilir) - Kampanya Adi sutunu DIVA'daki gercek Paket Adi ile ADMIN tarafindan TEYIT EDILMELI.
A78: Nisan-Aile Bakanlığı Kampanyası – Bosch-202604 | B78: 202604 | C78: Diğer | D78: Karma | E78: 04.04.2026 | F78: 30.04.2026 | G78: 30.11.2026 | K78: DİVA Paket Adı ORNEK SATIS VERISINDE TEYIT EDILEMEDI (o ay bu kampanyadan satis olmamis olabilir) - Kampanya Adi sutunu DIVA'daki gercek Paket Adi ile ADMIN tarafindan TEYIT EDILMELI. PDF notu: %5 ekstra indirim; KEA modeller için hakediş son tarihi 15.04.2026; %5 ekstra indirim; KEA modeller için hakediş son tarihi 30.04.2026
A79: Nisan-Ankastre Set Fırsat 3: Seçili Ankastre Set ile Birlikte Ankastre Bulaşık Makinesi veya Ankastre Mikrodalga Alan Tüketicilerimize 12.000 TL İndirim-202604 | B79: 202604 | C79: Bundle-Set | D79: Ankastre Set + Ankastre Bulaşık Makinesi/Mikrodalga | E79: 04.04.2026 | F79: 30.04.2026 | G79: 30.11.2026 | H79: 12000 | I79: 300 | J79: Tekil Evet / Bundle Hayır | K79: DİVA Paket Adı ORNEK SATIS VERISINDE TEYIT EDILEMEDI (o ay bu kampanyadan satis olmamis olabilir) - Kampanya Adi sutunu DIVA'daki gercek Paket Adi ile ADMIN tarafindan TEYIT EDILMELI.
A80: Nisan-Derin Dondurucu Kampanyası-202604 | B80: 202604 | C80: Bundle-Set | D80: Derin Dondurucu | E80: 04.04.2026 | F80: 30.04.2026 | G80: 30.11.2026 | J80: Tekil Evet / Bundle Hayır | K80: DİVA Paket Adı ORNEK SATIS VERISINDE TEYIT EDILEMEDI (o ay bu kampanyadan satis olmamis olabilir) - Kampanya Adi sutunu DIVA'daki gercek Paket Adi ile ADMIN tarafindan TEYIT EDILMELI.
A81: Nisan-Nisan Ayı 4'lü Çeyiz Seti: 4 Büyük Beyaz Eşya Alan Tüketicilere 15.000 TL İndirim-202604 | B81: 202604 | C81: Bundle-Set | D81: 4'lü Büyük Beyaz Eşya Seti (5 kategoriden 4 adet) | E81: 04.04.2026 | F81: 30.04.2026 | G81: 30.11.2026 | H81: 12200 | I81: 2000 | J81: Tekil Evet / Bundle Hayır | K81: DİVA Paket Adı ORNEK SATIS VERISINDE TEYIT EDILEMEDI (o ay bu kampanyadan satis olmamis olabilir) - Kampanya Adi sutunu DIVA'daki gercek Paket Adi ile ADMIN tarafindan TEYIT EDILMELI.
A82: Nisan-Stanley Mug Hediyeli Espresso Makineleri-202604 | B82: 202604 | C82: Küçük Ev Aletleri | D82: Küçük Ev Aletleri (Espresso Makinesi) | E82: 04.04.2026 | F82: 30.04.2026 | G82: 31.05.2026 | I82: 150 | K82: DİVA Paket Adı ORNEK SATIS VERISINDE TEYIT EDILEMEDI (o ay bu kampanyadan satis olmamis olabilir) - Kampanya Adi sutunu DIVA'daki gercek Paket Adi ile ADMIN tarafindan TEYIT EDILMELI. PDF notu: Fiyat farkı tutarı sonradan bildirilecek; montaj/tanıtım 30.04.2026'ya kadar; Montaj/tanıtım 31.05.2026'ya kadar
A83: Nisan-Süpürge Eskiyi Getir Yeniyi Götür Kampanyası-202604 | B83: 202604 | C83: Küçük Ev Aletleri | D83: Süpürge (Trade-in) | E83: 04.04.2026 | F83: 30.04.2026 | G83: 30.11.2026 | I83: 900 | K83: DİVA Paket Adı ORNEK SATIS VERISINDE TEYIT EDILEMEDI (o ay bu kampanyadan satis olmamis olabilir) - Kampanya Adi sutunu DIVA'daki gercek Paket Adi ile ADMIN tarafindan TEYIT EDILMELI. PDF notu: Eski süpürge iadesi karşılığı model bazlı fiyat farkı: BGC41PET 17.920 TL, BGL41HYG2H 10.770 TL, BGL41PET2H 13.630 TL
A84: Nisan-Tekil Ankastre Kampanyası-202604 | B84: 202604 | C84: Tekil | D84: Ankastre (Fırın/Ocak/Davlumbaz) | E84: 04.04.2026 | F84: 30.04.2026 | G84: 30.11.2026 | J84: Evet | K84: DİVA Paket Adı ORNEK SATIS VERISINDE TEYIT EDILEMEDI (o ay bu kampanyadan satis olmamis olabilir) - Kampanya Adi sutunu DIVA'daki gercek Paket Adi ile ADMIN tarafindan TEYIT EDILMELI.
A85: Anneler Günü Motorlu Ürünler Kampanyası - 202605 | B85: 202605 | C85: Küçük Ev Aletleri | D85: Küçük Ev Aletleri (içecek hazırlama, motorlu ürünler, mutfak makinesi, süpürge, tost makinesi) | E85: 06.05.2026 | F85: 15.05.2026 | K85: Kaynak: Mayıs 2026 Perakende Uygulama Yazısı. PDF notu: Diva Hemen Teslim Bildirim yöntemi; ek dosyada fiyat farkları var. Alt kategori adet limitleri: İçecek hazırlama 4000, Motorlu ürünler 2800, Mutfak Makinesi 1000, Süpürge 2300, Tost makinesi 1000.
A86: Mayıs Ayı Fırsat Ürünleri Kampanyası-202605 | B86: 202605 | C86: Diğer | D86: Buzdolabı/Derin Dondurucu/Bulaşık/Çamaşır/Ankastre Fırın (eski model envanteri) | E86: 06.05.2026 | F86: 31.05.2026 | G86: 30.06.2026 | K86: Kaynak: Mayıs 2026 Perakende Uygulama Yazısı. PDF notu: İki yıl önce satışa kapanan/hareket hızı düşük seçili modeller; TL tutarı belirtilmemiş.
A87: Mayıs Ayı Mug Hediyeli Tam Otomatik Espresso Makinesi Kampanyası-202605 | B87: 202605 | C87: Küçük Ev Aletleri | D87: Tam Otomatik Espresso Makinesi | E87: 06.05.2026 | F87: 31.05.2026 | G87: 30.06.2026 | I87: 100 | K87: Kaynak: Mayıs 2026 Perakende Uygulama Yazısı. PDF notu: Hediye Mug kargolanacak; fiyat farkı tutarı sonradan bildirilecek.
A88: Mayıs Soğutucu + Derin Dondurucu Alımına 7500 TL İndirim-202605 | B88: 202605 | C88: Bundle-Set | D88: Derin Dondurucu + Beyaz Eşya (2'li Set) | E88: 06.05.2026 | F88: 31.05.2026 | G88: 30.11.2026 | H88: 6000 | I88: 3000 | J88: Tekil Evet / Bundle Hayır | K88: Kaynak: Mayıs 2026 Perakende Uygulama Yazısı. PDF notu: PDF'te adet limiti cümlesi başka kampanyaya atıfta bulunuyor olabilir (belirsiz), sonraki dönem PDF'i 3000 diyor.
A89: Mayıs XL/XXL Soğutucu-RDW1276 Su Sebili Kampanyası-202605 | B89: 202605 | C89: Bundle-Set | D89: Buzdolabı (XL/XXL) | E89: 06.05.2026 | F89: 31.05.2026 | G89: 30.11.2026 | H89: 7900 | I89: 2500 | J89: Tekil Evet / Bundle Hayır | K89: Kaynak: Mayıs 2026 Perakende Uygulama Yazısı. PDF notu: RDW1276 su sebili hediye edilir; alınmazsa 10.720 TL indirim.
A90: Mayıs Çamaşır+Bulaşık Alımına 5000 TL İndirim-202605 | B90: 202605 | C90: Bundle-Set | D90: Buzdolabı/Çamaşır/Bulaşık/Kurutma (2'li Set) | E90: 06.05.2026 | F90: 31.05.2026 | G90: 30.11.2026 | H90: 4000 | I90: 4000 | J90: Tekil Evet / Bundle Hayır | K90: Kaynak: Mayıs 2026 Perakende Uygulama Yazısı.
A91: Mayıs-Ankastre Set Alana 6000 TL İndirim-202605 | B91: 202605 | C91: Bundle-Set | D91: Ankastre Set | E91: 06.05.2026 | F91: 31.05.2026 | G91: 30.11.2026 | H91: 4500 | I91: 2500 | J91: Tekil Evet / Bundle Hayır | K91: Kaynak: Mayıs 2026 Perakende Uygulama Yazısı.
A92: Mayıs-Tekil Bulaşık Makinesi Kampanyası-202605 | B92: 202605 | C92: Tekil | D92: Bulaşık Makinesi | E92: 06.05.2026 | F92: 31.05.2026 | G92: 30.11.2026 | J92: Evet | K92: Kaynak: Mayıs 2026 Perakende Uygulama Yazısı. PDF notu: Montaj/Nakliye Adedi yöntemi, TL tutarı belirtilmemiş.
A93: Mayıs-Tekil Derin Dondurucu Kampanyası-202605 | B93: 202605 | C93: Tekil | D93: Derin Dondurucu | E93: 06.05.2026 | F93: 31.05.2026 | G93: 30.11.2026 | J93: Evet | K93: Kaynak: Mayıs 2026 Perakende Uygulama Yazısı. PDF notu: Montaj/Nakliye Adedi yöntemi, TL tutarı belirtilmemiş.
A94: Mayıs-Tekil Klima Kampanyası-202605 | B94: 202605 | C94: Tekil | D94: Klima | E94: 06.05.2026 | F94: 31.05.2026 | G94: 30.11.2026 | J94: Evet | K94: Kaynak: Mayıs 2026 Perakende Uygulama Yazısı. PDF notu: Montaj/Nakliye Adedi yöntemi, TL tutarı belirtilmemiş.
A95: Mayıs-Tekil Kurutma Makinesi Kampanyası-202605 | B95: 202605 | C95: Tekil | D95: Kurutma Makinesi | E95: 06.05.2026 | F95: 31.05.2026 | G95: 30.11.2026 | J95: Evet | K95: Kaynak: Mayıs 2026 Perakende Uygulama Yazısı. PDF notu: 30 gün koşulsuz iade ayrıca belirtiliyor.; 30 gün koşulsuz iade uygulaması ayrıca belirtiliyor; TL tutarı yok.
A96: Mayıs-Tekil Soğutucu Kampanyası-202605 | B96: 202605 | C96: Tekil | D96: Soğutucu | E96: 06.05.2026 | F96: 31.05.2026 | G96: 30.11.2026 | J96: Evet | K96: Kaynak: Mayıs 2026 Perakende Uygulama Yazısı. PDF notu: Fiyat farkı yöntemi Montaj/Nakliye Adedi; güncellenen TRPF ile devam, ayrı TL tutarı belirtilmemiş.; Montaj/Nakliye Adedi yöntemi, TL tutarı belirtilmemiş.
A97: Mayıs-Tekil Çamaşır Kampanyası-202605 | B97: 202605 | C97: Tekil | D97: Çamaşır Makinesi | E97: 06.05.2026 | F97: 31.05.2026 | G97: 30.11.2026 | J97: Evet | K97: Kaynak: Mayıs 2026 Perakende Uygulama Yazısı. PDF notu: Montaj/Nakliye Adedi yöntemi, TL tutarı belirtilmemiş.
A98: Mayıs-Çamaşır+Kurutma Alımına 10000 TL İndirim-202605 | B98: 202605 | C98: Bundle-Set | D98: Çamaşır+Kurutma Set | E98: 06.05.2026 | F98: 31.05.2026 | G98: 30.11.2026 | H98: 8000 | I98: 3000 | J98: Tekil Evet / Bundle Hayır | K98: Kaynak: Mayıs 2026 Perakende Uygulama Yazısı. PDF notu: Bundle; tekil kampanyalarla birleşebilir, diğer bundle'larla birleşemez.
A99: Mayıs-4'lü Beyaz Eşya Seti Alana BCS1041WAC Unlimited Süpürge Hediye-202605 | B99: 202605 | C99: Küçük Ev Aletleri | D99: Buzdolabı+Çamaşır+Kurutma+Bulaşık (4'lü Set) | E99: 06.05.2026 | F99: 31.05.2026 | G99: 30.11.2026 | H99: 27000 | I99: 100 | K99: DİVA Paket Adı ORNEK SATIS VERISINDE TEYIT EDILEMEDI (o ay bu kampanyadan satis olmamis olabilir) - Kampanya Adi sutunu DIVA'daki gercek Paket Adi ile ADMIN tarafindan TEYIT EDILMELI. PDF notu: Hediye alınmazsa 36.510 TL indirim.
A100: Mayıs-Aile Bakanlığı Kampanyası – Bosch-202605 | B100: 202605 | C100: Diğer | D100: Seçili Modeller (Buzdolabı/Derin Dondurucu/Çamaşır/Kurutma/Bulaşık/Fırın/Mikrodalga/Ocak/Davlumbaz/Süpürge/Çay-Kahve Makinesi vb.) | E100: 06.05.2026 | F100: 15.05.2026 | G100: 30.11.2026 | K100: DİVA Paket Adı ORNEK SATIS VERISINDE TEYIT EDILEMEDI (o ay bu kampanyadan satis olmamis olabilir) - Kampanya Adi sutunu DIVA'daki gercek Paket Adi ile ADMIN tarafindan TEYIT EDILMELI. PDF notu: %5 indirim. KEA modeller için hakediş son tarihi 15.05.2026.
...

Sheet DIVA Satislari
A1: Şirket Kodu | B1: Şirket Adı | C1: Şube Kodu | D1: Şube Adı | E1: Bayi Kodu | F1: Aile | G1: Firma Adı | H1: Fatura Tarihi | I1: Fatura No | J1: Sipariş No | K1: Müşteri Kart No | L1: Hesap Kodu | M1: Ad Soyad | N1: Kampanya Tipi | O1: Paket Adı | P1: Satır İndirim Tipi | Q1: Dip İndirim Tipi | R1: Ürün Kodu | S1: Ürün Adı | T1: Barkod | U1: Miktar | V1: Kazanılan Kod | W1: Kullanılan Kod | X1: Seri No | Y1: Brüt | Z1: Satır İndirimi | AA1: İndirim (%) | AB1: Dip İndirim | AC1: İndirim (%)1 | AD1: Toplam İndirim | AE1: İndirim (%)2 | AF1: Fatura Tutarı | AG1: KDV Tutarı | AH1: Özel Kod 2 | AI1: Kategori | AJ1: Eşleştirme Anahtarı (Ürün Düzeyi - FaturaNo+Ürün) | AK1: Eşleştirme Anahtarı (Kampanya Düzeyi - FaturaNo+Ürün+Kampanya) | AL1: Kampanya Bulundu mu | AM1: Kampanya Başlangıç | AN1: Kampanya Bitiş | AO1: Hakediş Son Tarihi | AP1: Fatura Tarihi Kampanya Aralığında mı | AQ1: Sabit Hakediş Tutarı (varsa) | AR1: Beklenen Hakediş Tutarı | AS1: Uygulanacak Kural (Ön Beklenti)
A2: BSHMDEMIR | B2: MUSTAFA DEMİREL | C2: BSHMDEMIR | D2: MUSTAFA DEMİREL | E2: 7000129546 | F2: Bosch-LDA | H2: 24.08.2026 | I2: 2600000650 | L2: X000002267 | M2: ÖRNEK MÜŞTERİ | N2: Fatura altı indirim | O2: Ağustos-Tekil Bulaşık Makinesi Kampanyası-202608 | R2: SMS4IKW62T | S2: Solo bulaşık makinesi | T2: 4242005342716 | U2: 1 | Y2: 37000 | Z2: 5761.9 | AA2: 15.57 | AB2: 0 | AC2: 0 | AD2: 5761.9 | AE2: 15.6 | AF2: 31238.1 | AG2: 5206.35
AJ3: =IF(I3="","",I3&"|"&R3) | AK3: =IF(I3="","",I3&"|"&R3&"|"&O3) | AL3: =IF(I3="","",IF(ISNA(MATCH(O3,Kampanyalar!$A$2:$A$400,0)),"Hayır - Kampanyalar'da Yok","Evet")) | AM3: =IF(I3="","",IFERROR(INDEX(Kampanyalar!$E$2:$E$400,MATCH(O3,Kampanyalar!$A$2:$A$400,0)),"")) | AN3: =IF(I3="","",IFERROR(INDEX(Kampanyalar!$F$2:$F$400,MATCH(O3,Kampanyalar!$A$2:$A$400,0)),"")) | AO3: =IF(I3="","",IFERROR(INDEX(Kampanyalar!$G$2:$G$400,MATCH(O3,Kampanyalar!$A$2:$A$400,0)),"")) | AP3: =IF(OR(I3="",AM3="",AN3=""),"",IF(AND(H3>=AM3,H3<=AN3),"Evet","HAYIR - Tarih Dışı")) | AQ3: =IF(I3="","",IFERROR(INDEX(Kampanyalar!$H$2:$H$400,MATCH(O3,Kampanyalar!$A$2:$A$400,0)),"")) | AR3: =IF(I3="","",IF(ISNUMBER(AQ3),AQ3,AD3)) | AS3: =IF(I3="","",IF(Parametreler!$C$7="Evet","Kural A - Hemen Ödeme (Stok Mutabakatlı)","Kural B - Nakliye/Montaj Sonrası Ödeme"))
AJ4: =IF(I4="","",I4&"|"&R4) | AK4: =IF(I4="","",I4&"|"&R4&"|"&O4) | AL4: =IF(I4="","",IF(ISNA(MATCH(O4,Kampanyalar!$A$2:$A$400,0)),"Hayır - Kampanyalar'da Yok","Evet")) | AM4: =IF(I4="","",IFERROR(INDEX(Kampanyalar!$E$2:$E$400,MATCH(O4,Kampanyalar!$A$2:$A$400,0)),"")) | AN4: =IF(I4="","",IFERROR(INDEX(Kampanyalar!$F$2:$F$400,MATCH(O4,Kampanyalar!$A$2:$A$400,0)),"")) | AO4: =IF(I4="","",IFERROR(INDEX(Kampanyalar!$G$2:$G$400,MATCH(O4,Kampanyalar!$A$2:$A$400,0)),"")) | AP4: =IF(OR(I4="",AM4="",AN4=""),"",IF(AND(H4>=AM4,H4<=AN4),"Evet","HAYIR - Tarih Dışı")) | AQ4: =IF(I4="","",IFERROR(INDEX(Kampanyalar!$H$2:$H$400,MATCH(O4,Kampanyalar!$A$2:$A$400,0)),"")) | AR4: =IF(I4="","",IF(ISNUMBER(AQ4),AQ4,AD4)) | AS4: =IF(I4="","",IF(Parametreler!$C$7="Evet","Kural A - Hemen Ödeme (Stok Mutabakatlı)","Kural B - Nakliye/Montaj Sonrası Ödeme"))
AJ5: =IF(I5="","",I5&"|"&R5) | AK5: =IF(I5="","",I5&"|"&R5&"|"&O5) | AL5: =IF(I5="","",IF(ISNA(MATCH(O5,Kampanyalar!$A$2:$A$400,0)),"Hayır - Kampanyalar'da Yok","Evet")) | AM5: =IF(I5="","",IFERROR(INDEX(Kampanyalar!$E$2:$E$400,MATCH(O5,Kampanyalar!$A$2:$A$400,0)),"")) | AN5: =IF(I5="","",IFERROR(INDEX(Kampanyalar!$F$2:$F$400,MATCH(O5,Kampanyalar!$A$2:$A$400,0)),"")) | AO5: =IF(I5="","",IFERROR(INDEX(Kampanyalar!$G$2:$G$400,MATCH(O5,Kampanyalar!$A$2:$A$400,0)),"")) | AP5: =IF(OR(I5="",AM5="",AN5=""),"",IF(AND(H5>=AM5,H5<=AN5),"Evet","HAYIR - Tarih Dışı")) | AQ5: =IF(I5="","",IFERROR(INDEX(Kampanyalar!$H$2:$H$400,MATCH(O5,Kampanyalar!$A$2:$A$400,0)),"")) | AR5: =IF(I5="","",IF(ISNUMBER(AQ5),AQ5,AD5)) | AS5: =IF(I5="","",IF(Parametreler!$C$7="Evet","Kural A - Hemen Ödeme (Stok Mutabakatlı)","Kural B - Nakliye/Montaj Sonrası Ödeme"))
AJ6: =IF(I6="","",I6&"|"&R6) | AK6: =IF(I6="","",I6&"|"&R6&"|"&O6) | AL6: =IF(I6="","",IF(ISNA(MATCH(O6,Kampanyalar!$A$2:$A$400,0)),"Hayır - Kampanyalar'da Yok","Evet")) | AM6: =IF(I6="","",IFERROR(INDEX(Kampanyalar!$E$2:$E$400,MATCH(O6,Kampanyalar!$A$2:$A$400,0)),"")) | AN6: =IF(I6="","",IFERROR(INDEX(Kampanyalar!$F$2:$F$400,MATCH(O6,Kampanyalar!$A$2:$A$400,0)),"")) | AO6: =IF(I6="","",IFERROR(INDEX(Kampanyalar!$G$2:$G$400,MATCH(O6,Kampanyalar!$A$2:$A$400,0)),"")) | AP6: =IF(OR(I6="",AM6="",AN6=""),"",IF(AND(H6>=AM6,H6<=AN6),"Evet","HAYIR - Tarih Dışı")) | AQ6: =IF(I6="","",IFERROR(INDEX(Kampanyalar!$H$2:$H$400,MATCH(O6,Kampanyalar!$A$2:$A$400,0)),"")) | AR6: =IF(I6="","",IF(ISNUMBER(AQ6),AQ6,AD6)) | AS6: =IF(I6="","",IF(Parametreler!$C$7="Evet","Kural A - Hemen Ödeme (Stok Mutabakatlı)","Kural B - Nakliye/Montaj Sonrası Ödeme"))
AJ7: =IF(I7="","",I7&"|"&R7) | AK7: =IF(I7="","",I7&"|"&R7&"|"&O7) | AL7: =IF(I7="","",IF(ISNA(MATCH(O7,Kampanyalar!$A$2:$A$400,0)),"Hayır - Kampanyalar'da Yok","Evet")) | AM7: =IF(I7="","",IFERROR(INDEX(Kampanyalar!$E$2:$E$400,MATCH(O7,Kampanyalar!$A$2:$A$400,0)),"")) | AN7: =IF(I7="","",IFERROR(INDEX(Kampanyalar!$F$2:$F$400,MATCH(O7,Kampanyalar!$A$2:$A$400,0)),"")) | AO7: =IF(I7="","",IFERROR(INDEX(Kampanyalar!$G$2:$G$400,MATCH(O7,Kampanyalar!$A$2:$A$400,0)),"")) | AP7: =IF(OR(I7="",AM7="",AN7=""),"",IF(AND(H7>=AM7,H7<=AN7),"Evet","HAYIR - Tarih Dışı")) | AQ7: =IF(I7="","",IFERROR(INDEX(Kampanyalar!$H$2:$H$400,MATCH(O7,Kampanyalar!$A$2:$A$400,0)),"")) | AR7: =IF(I7="","",IF(ISNUMBER(AQ7),AQ7,AD7)) | AS7: =IF(I7="","",IF(Parametreler!$C$7="Evet","Kural A - Hemen Ödeme (Stok Mutabakatlı)","Kural B - Nakliye/Montaj Sonrası Ödeme"))
AJ8: =IF(I8="","",I8&"|"&R8) | AK8: =IF(I8="","",I8&"|"&R8&"|"&O8) | AL8: =IF(I8="","",IF(ISNA(MATCH(O8,Kampanyalar!$A$2:$A$400,0)),"Hayır - Kampanyalar'da Yok","Evet")) | AM8: =IF(I8="","",IFERROR(INDEX(Kampanyalar!$E$2:$E$400,MATCH(O8,Kampanyalar!$A$2:$A$400,0)),"")) | AN8: =IF(I8="","",IFERROR(INDEX(Kampanyalar!$F$2:$F$400,MATCH(O8,Kampanyalar!$A$2:$A$400,0)),"")) | AO8: =IF(I8="","",IFERROR(INDEX(Kampanyalar!$G$2:$G$400,MATCH(O8,Kampanyalar!$A$2:$A$400,0)),"")) | AP8: =IF(OR(I8="",AM8="",AN8=""),"",IF(AND(H8>=AM8,H8<=AN8),"Evet","HAYIR - Tarih Dışı")) | AQ8: =IF(I8="","",IFERROR(INDEX(Kampanyalar!$H$2:$H$400,MATCH(O8,Kampanyalar!$A$2:$A$400,0)),"")) | AR8: =IF(I8="","",IF(ISNUMBER(AQ8),AQ8,AD8)) | AS8: =IF(I8="","",IF(Parametreler!$C$7="Evet","Kural A - Hemen Ödeme (Stok Mutabakatlı)","Kural B - Nakliye/Montaj Sonrası Ödeme"))
AJ9: =IF(I9="","",I9&"|"&R9) | AK9: =IF(I9="","",I9&"|"&R9&"|"&O9) | AL9: =IF(I9="","",IF(ISNA(MATCH(O9,Kampanyalar!$A$2:$A$400,0)),"Hayır - Kampanyalar'da Yok","Evet")) | AM9: =IF(I9="","",IFERROR(INDEX(Kampanyalar!$E$2:$E$400,MATCH(O9,Kampanyalar!$A$2:$A$400,0)),"")) | AN9: =IF(I9="","",IFERROR(INDEX(Kampanyalar!$F$2:$F$400,MATCH(O9,Kampanyalar!$A$2:$A$400,0)),"")) | AO9: =IF(I9="","",IFERROR(INDEX(Kampanyalar!$G$2:$G$400,MATCH(O9,Kampanyalar!$A$2:$A$400,0)),"")) | AP9: =IF(OR(I9="",AM9="",AN9=""),"",IF(AND(H9>=AM9,H9<=AN9),"Evet","HAYIR - Tarih Dışı")) | AQ9: =IF(I9="","",IFERROR(INDEX(Kampanyalar!$H$2:$H$400,MATCH(O9,Kampanyalar!$A$2:$A$400,0)),"")) | AR9: =IF(I9="","",IF(ISNUMBER(AQ9),AQ9,AD9)) | AS9: =IF(I9="","",IF(Parametreler!$C$7="Evet","Kural A - Hemen Ödeme (Stok Mutabakatlı)","Kural B - Nakliye/Montaj Sonrası Ödeme"))
AJ10: =IF(I10="","",I10&"|"&R10) | AK10: =IF(I10="","",I10&"|"&R10&"|"&O10) | AL10: =IF(I10="","",IF(ISNA(MATCH(O10,Kampanyalar!$A$2:$A$400,0)),"Hayır - Kampanyalar'da Yok","Evet")) | AM10: =IF(I10="","",IFERROR(INDEX(Kampanyalar!$E$2:$E$400,MATCH(O10,Kampanyalar!$A$2:$A$400,0)),"")) | AN10: =IF(I10="","",IFERROR(INDEX(Kampanyalar!$F$2:$F$400,MATCH(O10,Kampanyalar!$A$2:$A$400,0)),"")) | AO10: =IF(I10="","",IFERROR(INDEX(Kampanyalar!$G$2:$G$400,MATCH(O10,Kampanyalar!$A$2:$A$400,0)),"")) | AP10: =IF(OR(I10="",AM10="",AN10=""),"",IF(AND(H10>=AM10,H10<=AN10),"Evet","HAYIR - Tarih Dışı")) | AQ10: =IF(I10="","",IFERROR(INDEX(Kampanyalar!$H$2:$H$400,MATCH(O10,Kampanyalar!$A$2:$A$400,0)),"")) | AR10: =IF(I10="","",IF(ISNUMBER(AQ10),AQ10,AD10)) | AS10: =IF(I10="","",IF(Parametreler!$C$7="Evet","Kural A - Hemen Ödeme (Stok Mutabakatlı)","Kural B - Nakliye/Montaj Sonrası Ödeme"))
AJ11: =IF(I11="","",I11&"|"&R11) | AK11: =IF(I11="","",I11&"|"&R11&"|"&O11) | AL11: =IF(I11="","",IF(ISNA(MATCH(O11,Kampanyalar!$A$2:$A$400,0)),"Hayır - Kampanyalar'da Yok","Evet")) | AM11: =IF(I11="","",IFERROR(INDEX(Kampanyalar!$E$2:$E$400,MATCH(O11,Kampanyalar!$A$2:$A$400,0)),"")) | AN11: =IF(I11="","",IFERROR(INDEX(Kampanyalar!$F$2:$F$400,MATCH(O11,Kampanyalar!$A$2:$A$400,0)),"")) | AO11: =IF(I11="","",IFERROR(INDEX(Kampanyalar!$G$2:$G$400,MATCH(O11,Kampanyalar!$A$2:$A$400,0)),"")) | AP11: =IF(OR(I11="",AM11="",AN11=""),"",IF(AND(H11>=AM11,H11<=AN11),"Evet","HAYIR - Tarih Dışı")) | AQ11: =IF(I11="","",IFERROR(INDEX(Kampanyalar!$H$2:$H$400,MATCH(O11,Kampanyalar!$A$2:$A$400,0)),"")) | AR11: =IF(I11="","",IF(ISNUMBER(AQ11),AQ11,AD11)) | AS11: =IF(I11="","",IF(Parametreler!$C$7="Evet","Kural A - Hemen Ödeme (Stok Mutabakatlı)","Kural B - Nakliye/Montaj Sonrası Ödeme"))
AJ12: =IF(I12="","",I12&"|"&R12) | AK12: =IF(I12="","",I12&"|"&R12&"|"&O12) | AL12: =IF(I12="","",IF(ISNA(MATCH(O12,Kampanyalar!$A$2:$A$400,0)),"Hayır - Kampanyalar'da Yok","Evet")) | AM12: =IF(I12="","",IFERROR(INDEX(Kampanyalar!$E$2:$E$400,MATCH(O12,Kampanyalar!$A$2:$A$400,0)),"")) | AN12: =IF(I12="","",IFERROR(INDEX(Kampanyalar!$F$2:$F$400,MATCH(O12,Kampanyalar!$A$2:$A$400,0)),"")) | AO12: =IF(I12="","",IFERROR(INDEX(Kampanyalar!$G$2:$G$400,MATCH(O12,Kampanyalar!$A$2:$A$400,0)),"")) | AP12: =IF(OR(I12="",AM12="",AN12=""),"",IF(AND(H12>=AM12,H12<=AN12),"Evet","HAYIR - Tarih Dışı")) | AQ12: =IF(I12="","",IFERROR(INDEX(Kampanyalar!$H$2:$H$400,MATCH(O12,Kampanyalar!$A$2:$A$400,0)),"")) | AR12: =IF(I12="","",IF(ISNUMBER(AQ12),AQ12,AD12)) | AS12: =IF(I12="","",IF(Parametreler!$C$7="Evet","Kural A - Hemen Ödeme (Stok Mutabakatlı)","Kural B - Nakliye/Montaj Sonrası Ödeme"))
AJ13: =IF(I13="","",I13&"|"&R13) | AK13: =IF(I13="","",I13&"|"&R13&"|"&O13) | AL13: =IF(I13="","",IF(ISNA(MATCH(O13,Kampanyalar!$A$2:$A$400,0)),"Hayır - Kampanyalar'da Yok","Evet")) | AM13: =IF(I13="","",IFERROR(INDEX(Kampanyalar!$E$2:$E$400,MATCH(O13,Kampanyalar!$A$2:$A$400,0)),"")) | AN13: =IF(I13="","",IFERROR(INDEX(Kampanyalar!$F$2:$F$400,MATCH(O13,Kampanyalar!$A$2:$A$400,0)),"")) | AO13: =IF(I13="","",IFERROR(INDEX(Kampanyalar!$G$2:$G$400,MATCH(O13,Kampanyalar!$A$2:$A$400,0)),"")) | AP13: =IF(OR(I13="",AM13="",AN13=""),"",IF(AND(H13>=AM13,H13<=AN13),"Evet","HAYIR - Tarih Dışı")) | AQ13: =IF(I13="","",IFERROR(INDEX(Kampanyalar!$H$2:$H$400,MATCH(O13,Kampanyalar!$A$2:$A$400,0)),"")) | AR13: =IF(I13="","",IF(ISNUMBER(AQ13),AQ13,AD13)) | AS13: =IF(I13="","",IF(Parametreler!$C$7="Evet","Kural A - Hemen Ödeme (Stok Mutabakatlı)","Kural B - Nakliye/Montaj Sonrası Ödeme"))
AJ14: =IF(I14="","",I14&"|"&R14) | AK14: =IF(I14="","",I14&"|"&R14&"|"&O14) | AL14: =IF(I14="","",IF(ISNA(MATCH(O14,Kampanyalar!$A$2:$A$400,0)),"Hayır - Kampanyalar'da Yok","Evet")) | AM14: =IF(I14="","",IFERROR(INDEX(Kampanyalar!$E$2:$E$400,MATCH(O14,Kampanyalar!$A$2:$A$400,0)),"")) | AN14: =IF(I14="","",IFERROR(INDEX(Kampanyalar!$F$2:$F$400,MATCH(O14,Kampanyalar!$A$2:$A$400,0)),"")) | AO14: =IF(I14="","",IFERROR(INDEX(Kampanyalar!$G$2:$G$400,MATCH(O14,Kampanyalar!$A$2:$A$400,0)),"")) | AP14: =IF(OR(I14="",AM14="",AN14=""),"",IF(AND(H14>=AM14,H14<=AN14),"Evet","HAYIR - Tarih Dışı")) | AQ14: =IF(I14="","",IFERROR(INDEX(Kampanyalar!$H$2:$H$400,MATCH(O14,Kampanyalar!$A$2:$A$400,0)),"")) | AR14: =IF(I14="","",IF(ISNUMBER(AQ14),AQ14,AD14)) | AS14: =IF(I14="","",IF(Parametreler!$C$7="Evet","Kural A - Hemen Ödeme (Stok Mutabakatlı)","Kural B - Nakliye/Montaj Sonrası Ödeme"))
... AJ1002: =IF(I1002="","",I1002&"|"&R1002) | AK1002: =IF(I1002="","",I1002&"|"&R1002&"|"&O1002) | AL1002: =IF(I1002="","",IF(ISNA(MATCH(O1002,Kampanyalar!$A$2:$A$400,0)),"Hayır - Kampanyalar'da Yok","Evet")) | AM1002: =IF(I1002="","",IFERROR(INDEX(Kampanyalar!$E$2:$E$400,MATCH(O1002,Kampanyalar!$A$2:$A$400,0)),"")) | AN1002: =IF(I1002="","",IFERROR(INDEX(Kampanyalar!$F$2:$F$400,MATCH(O1002,Kampanyalar!$A$2:$A$400,0)),"")) | AO1002: =IF(I1002="","",IFERROR(INDEX(Kampanyalar!$G$2:$G$400,MATCH(O1002,Kampanyalar!$A$2:$A$400,0)),"")) | AP1002: =IF(OR(I1002="",AM1002="",AN1002=""),"",IF(AND(H1002>=AM1002,H1002<=AN1002),"Evet","HAYIR - Tarih Dışı")) | AQ1002: =IF(I1002="","",IFERROR(INDEX(Kampanyalar!$H$2:$H$400,MATCH(O1002,Kampanyalar!$A$2:$A$400,0)),"")) | AR1002: =IF(I1002="","",IF(ISNUMBER(AQ1002),AQ1002,AD1002)) | AS1002: =IF(I1002="","",IF(Parametreler!$C$7="Evet","Kural A - Hemen Ödeme (Stok Mutabakatlı)","Kural B - Nakliye/Montaj Sonrası Ödeme"))

Sheet E2E Nakliye Montaj
A1: MerkezKodu | B1: BayiKodu | C1: UrunCikisDepoKodu | D1: BayiUnvani | E1: SiparisNo | F1: DivaSiparisFaturaNo | G1: DivaFaturaNo | H1: E2ESiparisNo | I1: SiparisTarihi | J1: SiparisTuru | K1: SiparisKanali | L1: TuketiciAdi | M1: TuketiciSoyadi | N1: TuketiciTelefon | O1: TeslimEdilecekKisiEmail | P1: UrunKodu | Q1: UrunAdi | R1: UrunTipi | S1: TeslimatFisNo | T1: TeslimatDurum | U1: IadeDurum | V1: TeslimatAdresBilgisi | W1: TeslimatTuketiciIl | X1: TeslimatTuketiciIlce | Y1: TeslimatIstenilenTarih | Z1: TeslimatRandevuSaati | AA1: MontajFisNo | AB1: MontajDurum | AC1: MontajIstenilenilenTarih | AD1: MontajRandevuSaati | AE1: SatisTipi | AF1: TeslimatTipi | AG1: Tasiyici | AH1: DepoYeri | AI1: IrsaliyeTarihi | AJ1: IrsaliyeNo | AK1: Platform | AL1: PlatformName | AM1: Eşleştirme Anahtarı | AN1: Sipariş Tarihi (Tarih) | AO1: Teslimat İstenilen Tarih (Tarih) | AP1: Montaj İstenilen Tarih (Tarih) | AQ1: İrsaliye Tarih Metni (yardımcı) | AR1: İrsaliye Tarihi (Tarih) | AS1: Nakliye İzlenebilir mi | AT1: Nakliye Tamamlandı mı | AU1: Montaj Tamamlandı mı | AV1: Hakediş Tetikleyici Tarih
A2: 7000129546 | B2: 7000129546 | C2: 7000129546 | D2: MUSTAFA DEMIREL | E2: TR01-20764369 | F2: 2600000650 | G2: 2600000650 | H2: 5371889 | I2: 24-08-2026 | J2: Offline | K2: DIVA | L2: ÖRNEK | M2: MÜŞTERİ | N2: 5xxxxxxxxx | P2: SMS4IKW62T | Q2: Solo bulaşık makinesi | R2: LDA | T2: Siparişiniz Teslim Edildi | U2: - | V2: Örnek adres | W2: ANTALYA | X2: ALANYA | Y2: 24-08-2026 | AA2: 158360746 | AB2: Siparişinizin Montajı Yapıldı | AC2: 29-08-2026 | AD2: Tüm Gün | AE2: Hemen Teslim Satış | AF2: Mağaza Depodan Tüketiciye | AG2: Servis | AH2: Magaza Depo | AI2: 8/24/2026 6:24:05 PM | AJ2: MDI2026000000099 | AK2: 1354 | AL2: Antalya Platform
AM3: =IF(G3="","",G3&"|"&P3) | AN3: =IF(I3="","",IFERROR(DATE(VALUE(RIGHT(I3,4)),VALUE(MID(I3,4,2)),VALUE(LEFT(I3,2))),"")) | AO3: =IF(Y3="","",IFERROR(DATE(VALUE(RIGHT(Y3,4)),VALUE(MID(Y3,4,2)),VALUE(LEFT(Y3,2))),"")) | AP3: =IF(AC3="","",IFERROR(DATE(VALUE(RIGHT(AC3,4)),VALUE(MID(AC3,4,2)),VALUE(LEFT(AC3,2))),"")) | AQ3: =IF(AI3="","",TRIM(LEFT(AI3,FIND(" ",AI3&" ")-1))) | AR3: =IF(AQ3="","",IFERROR(DATE(VALUE(MID(AQ3,FIND("/",AQ3,FIND("/",AQ3)+1)+1,4)),VALUE(LEFT(AQ3,FIND("/",AQ3)-1)),VALUE(MID(AQ3,FIND("/",AQ3)+1,FIND("/",AQ3,FIND("/",AQ3)+1)-FIND("/",AQ3)-1))),"")) | AS3: =IF(G3="","",IF(AND(AG3<>"",AG3<>"Bayi Aracı"),"Evet","Hayır")) | AT3: =IF(G3="","",IF(AND(AS3="Evet",T3="Siparişiniz Teslim Edildi"),"Evet","Hayır")) | AU3: =IF(G3="","",IF(AB3="Siparişinizin Montajı Yapıldı","Evet","Hayır")) | AV3: =IF(G3="","",IF(AT3="Evet",AR3,IF(AU3="Evet",AP3,"")))
AM4: =IF(G4="","",G4&"|"&P4) | AN4: =IF(I4="","",IFERROR(DATE(VALUE(RIGHT(I4,4)),VALUE(MID(I4,4,2)),VALUE(LEFT(I4,2))),"")) | AO4: =IF(Y4="","",IFERROR(DATE(VALUE(RIGHT(Y4,4)),VALUE(MID(Y4,4,2)),VALUE(LEFT(Y4,2))),"")) | AP4: =IF(AC4="","",IFERROR(DATE(VALUE(RIGHT(AC4,4)),VALUE(MID(AC4,4,2)),VALUE(LEFT(AC4,2))),"")) | AQ4: =IF(AI4="","",TRIM(LEFT(AI4,FIND(" ",AI4&" ")-1))) | AR4: =IF(AQ4="","",IFERROR(DATE(VALUE(MID(AQ4,FIND("/",AQ4,FIND("/",AQ4)+1)+1,4)),VALUE(LEFT(AQ4,FIND("/",AQ4)-1)),VALUE(MID(AQ4,FIND("/",AQ4)+1,FIND("/",AQ4,FIND("/",AQ4)+1)-FIND("/",AQ4)-1))),"")) | AS4: =IF(G4="","",IF(AND(AG4<>"",AG4<>"Bayi Aracı"),"Evet","Hayır")) | AT4: =IF(G4="","",IF(AND(AS4="Evet",T4="Siparişiniz Teslim Edildi"),"Evet","Hayır")) | AU4: =IF(G4="","",IF(AB4="Siparişinizin Montajı Yapıldı","Evet","Hayır")) | AV4: =IF(G4="","",IF(AT4="Evet",AR4,IF(AU4="Evet",AP4,"")))
AM5: =IF(G5="","",G5&"|"&P5) | AN5: =IF(I5="","",IFERROR(DATE(VALUE(RIGHT(I5,4)),VALUE(MID(I5,4,2)),VALUE(LEFT(I5,2))),"")) | AO5: =IF(Y5="","",IFERROR(DATE(VALUE(RIGHT(Y5,4)),VALUE(MID(Y5,4,2)),VALUE(LEFT(Y5,2))),"")) | AP5: =IF(AC5="","",IFERROR(DATE(VALUE(RIGHT(AC5,4)),VALUE(MID(AC5,4,2)),VALUE(LEFT(AC5,2))),"")) | AQ5: =IF(AI5="","",TRIM(LEFT(AI5,FIND(" ",AI5&" ")-1))) | AR5: =IF(AQ5="","",IFERROR(DATE(VALUE(MID(AQ5,FIND("/",AQ5,FIND("/",AQ5)+1)+1,4)),VALUE(LEFT(AQ5,FIND("/",AQ5)-1)),VALUE(MID(AQ5,FIND("/",AQ5)+1,FIND("/",AQ5,FIND("/",AQ5)+1)-FIND("/",AQ5)-1))),"")) | AS5: =IF(G5="","",IF(AND(AG5<>"",AG5<>"Bayi Aracı"),"Evet","Hayır")) | AT5: =IF(G5="","",IF(AND(AS5="Evet",T5="Siparişiniz Teslim Edildi"),"Evet","Hayır")) | AU5: =IF(G5="","",IF(AB5="Siparişinizin Montajı Yapıldı","Evet","Hayır")) | AV5: =IF(G5="","",IF(AT5="Evet",AR5,IF(AU5="Evet",AP5,"")))
AM6: =IF(G6="","",G6&"|"&P6) | AN6: =IF(I6="","",IFERROR(DATE(VALUE(RIGHT(I6,4)),VALUE(MID(I6,4,2)),VALUE(LEFT(I6,2))),"")) | AO6: =IF(Y6="","",IFERROR(DATE(VALUE(RIGHT(Y6,4)),VALUE(MID(Y6,4,2)),VALUE(LEFT(Y6,2))),"")) | AP6: =IF(AC6="","",IFERROR(DATE(VALUE(RIGHT(AC6,4)),VALUE(MID(AC6,4,2)),VALUE(LEFT(AC6,2))),"")) | AQ6: =IF(AI6="","",TRIM(LEFT(AI6,FIND(" ",AI6&" ")-1))) | AR6: =IF(AQ6="","",IFERROR(DATE(VALUE(MID(AQ6,FIND("/",AQ6,FIND("/",AQ6)+1)+1,4)),VALUE(LEFT(AQ6,FIND("/",AQ6)-1)),VALUE(MID(AQ6,FIND("/",AQ6)+1,FIND("/",AQ6,FIND("/",AQ6)+1)-FIND("/",AQ6)-1))),"")) | AS6: =IF(G6="","",IF(AND(AG6<>"",AG6<>"Bayi Aracı"),"Evet","Hayır")) | AT6: =IF(G6="","",IF(AND(AS6="Evet",T6="Siparişiniz Teslim Edildi"),"Evet","Hayır")) | AU6: =IF(G6="","",IF(AB6="Siparişinizin Montajı Yapıldı","Evet","Hayır")) | AV6: =IF(G6="","",IF(AT6="Evet",AR6,IF(AU6="Evet",AP6,"")))
AM7: =IF(G7="","",G7&"|"&P7) | AN7: =IF(I7="","",IFERROR(DATE(VALUE(RIGHT(I7,4)),VALUE(MID(I7,4,2)),VALUE(LEFT(I7,2))),"")) | AO7: =IF(Y7="","",IFERROR(DATE(VALUE(RIGHT(Y7,4)),VALUE(MID(Y7,4,2)),VALUE(LEFT(Y7,2))),"")) | AP7: =IF(AC7="","",IFERROR(DATE(VALUE(RIGHT(AC7,4)),VALUE(MID(AC7,4,2)),VALUE(LEFT(AC7,2))),"")) | AQ7: =IF(AI7="","",TRIM(LEFT(AI7,FIND(" ",AI7&" ")-1))) | AR7: =IF(AQ7="","",IFERROR(DATE(VALUE(MID(AQ7,FIND("/",AQ7,FIND("/",AQ7)+1)+1,4)),VALUE(LEFT(AQ7,FIND("/",AQ7)-1)),VALUE(MID(AQ7,FIND("/",AQ7)+1,FIND("/",AQ7,FIND("/",AQ7)+1)-FIND("/",AQ7)-1))),"")) | AS7: =IF(G7="","",IF(AND(AG7<>"",AG7<>"Bayi Aracı"),"Evet","Hayır")) | AT7: =IF(G7="","",IF(AND(AS7="Evet",T7="Siparişiniz Teslim Edildi"),"Evet","Hayır")) | AU7: =IF(G7="","",IF(AB7="Siparişinizin Montajı Yapıldı","Evet","Hayır")) | AV7: =IF(G7="","",IF(AT7="Evet",AR7,IF(AU7="Evet",AP7,"")))
AM8: =IF(G8="","",G8&"|"&P8) | AN8: =IF(I8="","",IFERROR(DATE(VALUE(RIGHT(I8,4)),VALUE(MID(I8,4,2)),VALUE(LEFT(I8,2))),"")) | AO8: =IF(Y8="","",IFERROR(DATE(VALUE(RIGHT(Y8,4)),VALUE(MID(Y8,4,2)),VALUE(LEFT(Y8,2))),"")) | AP8: =IF(AC8="","",IFERROR(DATE(VALUE(RIGHT(AC8,4)),VALUE(MID(AC8,4,2)),VALUE(LEFT(AC8,2))),"")) | AQ8: =IF(AI8="","",TRIM(LEFT(AI8,FIND(" ",AI8&" ")-1))) | AR8: =IF(AQ8="","",IFERROR(DATE(VALUE(MID(AQ8,FIND("/",AQ8,FIND("/",AQ8)+1)+1,4)),VALUE(LEFT(AQ8,FIND("/",AQ8)-1)),VALUE(MID(AQ8,FIND("/",AQ8)+1,FIND("/",AQ8,FIND("/",AQ8)+1)-FIND("/",AQ8)-1))),"")) | AS8: =IF(G8="","",IF(AND(AG8<>"",AG8<>"Bayi Aracı"),"Evet","Hayır")) | AT8: =IF(G8="","",IF(AND(AS8="Evet",T8="Siparişiniz Teslim Edildi"),"Evet","Hayır")) | AU8: =IF(G8="","",IF(AB8="Siparişinizin Montajı Yapıldı","Evet","Hayır")) | AV8: =IF(G8="","",IF(AT8="Evet",AR8,IF(AU8="Evet",AP8,"")))
AM9: =IF(G9="","",G9&"|"&P9) | AN9: =IF(I9="","",IFERROR(DATE(VALUE(RIGHT(I9,4)),VALUE(MID(I9,4,2)),VALUE(LEFT(I9,2))),"")) | AO9: =IF(Y9="","",IFERROR(DATE(VALUE(RIGHT(Y9,4)),VALUE(MID(Y9,4,2)),VALUE(LEFT(Y9,2))),"")) | AP9: =IF(AC9="","",IFERROR(DATE(VALUE(RIGHT(AC9,4)),VALUE(MID(AC9,4,2)),VALUE(LEFT(AC9,2))),"")) | AQ9: =IF(AI9="","",TRIM(LEFT(AI9,FIND(" ",AI9&" ")-1))) | AR9: =IF(AQ9="","",IFERROR(DATE(VALUE(MID(AQ9,FIND("/",AQ9,FIND("/",AQ9)+1)+1,4)),VALUE(LEFT(AQ9,FIND("/",AQ9)-1)),VALUE(MID(AQ9,FIND("/",AQ9)+1,FIND("/",AQ9,FIND("/",AQ9)+1)-FIND("/",AQ9)-1))),"")) | AS9: =IF(G9="","",IF(AND(AG9<>"",AG9<>"Bayi Aracı"),"Evet","Hayır")) | AT9: =IF(G9="","",IF(AND(AS9="Evet",T9="Siparişiniz Teslim Edildi"),"Evet","Hayır")) | AU9: =IF(G9="","",IF(AB9="Siparişinizin Montajı Yapıldı","Evet","Hayır")) | AV9: =IF(G9="","",IF(AT9="Evet",AR9,IF(AU9="Evet",AP9,"")))
AM10: =IF(G10="","",G10&"|"&P10) | AN10: =IF(I10="","",IFERROR(DATE(VALUE(RIGHT(I10,4)),VALUE(MID(I10,4,2)),VALUE(LEFT(I10,2))),"")) | AO10: =IF(Y10="","",IFERROR(DATE(VALUE(RIGHT(Y10,4)),VALUE(MID(Y10,4,2)),VALUE(LEFT(Y10,2))),"")) | AP10: =IF(AC10="","",IFERROR(DATE(VALUE(RIGHT(AC10,4)),VALUE(MID(AC10,4,2)),VALUE(LEFT(AC10,2))),"")) | AQ10: =IF(AI10="","",TRIM(LEFT(AI10,FIND(" ",AI10&" ")-1))) | AR10: =IF(AQ10="","",IFERROR(DATE(VALUE(MID(AQ10,FIND("/",AQ10,FIND("/",AQ10)+1)+1,4)),VALUE(LEFT(AQ10,FIND("/",AQ10)-1)),VALUE(MID(AQ10,FIND("/",AQ10)+1,FIND("/",AQ10,FIND("/",AQ10)+1)-FIND("/",AQ10)-1))),"")) | AS10: =IF(G10="","",IF(AND(AG10<>"",AG10<>"Bayi Aracı"),"Evet","Hayır")) | AT10: =IF(G10="","",IF(AND(AS10="Evet",T10="Siparişiniz Teslim Edildi"),"Evet","Hayır")) | AU10: =IF(G10="","",IF(AB10="Siparişinizin Montajı Yapıldı","Evet","Hayır")) | AV10: =IF(G10="","",IF(AT10="Evet",AR10,IF(AU10="Evet",AP10,"")))
AM11: =IF(G11="","",G11&"|"&P11) | AN11: =IF(I11="","",IFERROR(DATE(VALUE(RIGHT(I11,4)),VALUE(MID(I11,4,2)),VALUE(LEFT(I11,2))),"")) | AO11: =IF(Y11="","",IFERROR(DATE(VALUE(RIGHT(Y11,4)),VALUE(MID(Y11,4,2)),VALUE(LEFT(Y11,2))),"")) | AP11: =IF(AC11="","",IFERROR(DATE(VALUE(RIGHT(AC11,4)),VALUE(MID(AC11,4,2)),VALUE(LEFT(AC11,2))),"")) | AQ11: =IF(AI11="","",TRIM(LEFT(AI11,FIND(" ",AI11&" ")-1))) | AR11: =IF(AQ11="","",IFERROR(DATE(VALUE(MID(AQ11,FIND("/",AQ11,FIND("/",AQ11)+1)+1,4)),VALUE(LEFT(AQ11,FIND("/",AQ11)-1)),VALUE(MID(AQ11,FIND("/",AQ11)+1,FIND("/",AQ11,FIND("/",AQ11)+1)-FIND("/",AQ11)-1))),"")) | AS11: =IF(G11="","",IF(AND(AG11<>"",AG11<>"Bayi Aracı"),"Evet","Hayır")) | AT11: =IF(G11="","",IF(AND(AS11="Evet",T11="Siparişiniz Teslim Edildi"),"Evet","Hayır")) | AU11: =IF(G11="","",IF(AB11="Siparişinizin Montajı Yapıldı","Evet","Hayır")) | AV11: =IF(G11="","",IF(AT11="Evet",AR11,IF(AU11="Evet",AP11,"")))
AM12: =IF(G12="","",G12&"|"&P12) | AN12: =IF(I12="","",IFERROR(DATE(VALUE(RIGHT(I12,4)),VALUE(MID(I12,4,2)),VALUE(LEFT(I12,2))),"")) | AO12: =IF(Y12="","",IFERROR(DATE(VALUE(RIGHT(Y12,4)),VALUE(MID(Y12,4,2)),VALUE(LEFT(Y12,2))),"")) | AP12: =IF(AC12="","",IFERROR(DATE(VALUE(RIGHT(AC12,4)),VALUE(MID(AC12,4,2)),VALUE(LEFT(AC12,2))),"")) | AQ12: =IF(AI12="","",TRIM(LEFT(AI12,FIND(" ",AI12&" ")-1))) | AR12: =IF(AQ12="","",IFERROR(DATE(VALUE(MID(AQ12,FIND("/",AQ12,FIND("/",AQ12)+1)+1,4)),VALUE(LEFT(AQ12,FIND("/",AQ12)-1)),VALUE(MID(AQ12,FIND("/",AQ12)+1,FIND("/",AQ12,FIND("/",AQ12)+1)-FIND("/",AQ12)-1))),"")) | AS12: =IF(G12="","",IF(AND(AG12<>"",AG12<>"Bayi Aracı"),"Evet","Hayır")) | AT12: =IF(G12="","",IF(AND(AS12="Evet",T12="Siparişiniz Teslim Edildi"),"Evet","Hayır")) | AU12: =IF(G12="","",IF(AB12="Siparişinizin Montajı Yapıldı","Evet","Hayır")) | AV12: =IF(G12="","",IF(AT12="Evet",AR12,IF(AU12="Evet",AP12,"")))
AM13: =IF(G13="","",G13&"|"&P13) | AN13: =IF(I13="","",IFERROR(DATE(VALUE(RIGHT(I13,4)),VALUE(MID(I13,4,2)),VALUE(LEFT(I13,2))),"")) | AO13: =IF(Y13="","",IFERROR(DATE(VALUE(RIGHT(Y13,4)),VALUE(MID(Y13,4,2)),VALUE(LEFT(Y13,2))),"")) | AP13: =IF(AC13="","",IFERROR(DATE(VALUE(RIGHT(AC13,4)),VALUE(MID(AC13,4,2)),VALUE(LEFT(AC13,2))),"")) | AQ13: =IF(AI13="","",TRIM(LEFT(AI13,FIND(" ",AI13&" ")-1))) | AR13: =IF(AQ13="","",IFERROR(DATE(VALUE(MID(AQ13,FIND("/",AQ13,FIND("/",AQ13)+1)+1,4)),VALUE(LEFT(AQ13,FIND("/",AQ13)-1)),VALUE(MID(AQ13,FIND("/",AQ13)+1,FIND("/",AQ13,FIND("/",AQ13)+1)-FIND("/",AQ13)-1))),"")) | AS13: =IF(G13="","",IF(AND(AG13<>"",AG13<>"Bayi Aracı"),"Evet","Hayır")) | AT13: =IF(G13="","",IF(AND(AS13="Evet",T13="Siparişiniz Teslim Edildi"),"Evet","Hayır")) | AU13: =IF(G13="","",IF(AB13="Siparişinizin Montajı Yapıldı","Evet","Hayır")) | AV13: =IF(G13="","",IF(AT13="Evet",AR13,IF(AU13="Evet",AP13,"")))
AM14: =IF(G14="","",G14&"|"&P14) | AN14: =IF(I14="","",IFERROR(DATE(VALUE(RIGHT(I14,4)),VALUE(MID(I14,4,2)),VALUE(LEFT(I14,2))),"")) | AO14: =IF(Y14="","",IFERROR(DATE(VALUE(RIGHT(Y14,4)),VALUE(MID(Y14,4,2)),VALUE(LEFT(Y14,2))),"")) | AP14: =IF(AC14="","",IFERROR(DATE(VALUE(RIGHT(AC14,4)),VALUE(MID(AC14,4,2)),VALUE(LEFT(AC14,2))),"")) | AQ14: =IF(AI14="","",TRIM(LEFT(AI14,FIND(" ",AI14&" ")-1))) | AR14: =IF(AQ14="","",IFERROR(DATE(VALUE(MID(AQ14,FIND("/",AQ14,FIND("/",AQ14)+1)+1,4)),VALUE(LEFT(AQ14,FIND("/",AQ14)-1)),VALUE(MID(AQ14,FIND("/",AQ14)+1,FIND("/",AQ14,FIND("/",AQ14)+1)-FIND("/",AQ14)-1))),"")) | AS14: =IF(G14="","",IF(AND(AG14<>"",AG14<>"Bayi Aracı"),"Evet","Hayır")) | AT14: =IF(G14="","",IF(AND(AS14="Evet",T14="Siparişiniz Teslim Edildi"),"Evet","Hayır")) | AU14: =IF(G14="","",IF(AB14="Siparişinizin Montajı Yapıldı","Evet","Hayır")) | AV14: =IF(G14="","",IF(AT14="Evet",AR14,IF(AU14="Evet",AP14,"")))
... AM1002: =IF(G1002="","",G1002&"|"&P1002) | AN1002: =IF(I1002="","",IFERROR(DATE(VALUE(RIGHT(I1002,4)),VALUE(MID(I1002,4,2)),VALUE(LEFT(I1002,2))),"")) | AO1002: =IF(Y1002="","",IFERROR(DATE(VALUE(RIGHT(Y1002,4)),VALUE(MID(Y1002,4,2)),VALUE(LEFT(Y1002,2))),"")) | AP1002: =IF(AC1002="","",IFERROR(DATE(VALUE(RIGHT(AC1002,4)),VALUE(MID(AC1002,4,2)),VALUE(LEFT(AC1002,2))),"")) | AQ1002: =IF(AI1002="","",TRIM(LEFT(AI1002,FIND(" ",AI1002&" ")-1))) | AR1002: =IF(AQ1002="","",IFERROR(DATE(VALUE(MID(AQ1002,FIND("/",AQ1002,FIND("/",AQ1002)+1)+1,4)),VALUE(LEFT(AQ1002,FIND("/",AQ1002)-1)),VALUE(MID(AQ1002,FIND("/",AQ1002)+1,FIND("/",AQ1002,FIND("/",AQ1002)+1)-FIND("/",AQ1002)-1))),"")) | AS1002: =IF(G1002="","",IF(AND(AG1002<>"",AG1002<>"Bayi Aracı"),"Evet","Hayır")) | AT1002: =IF(G1002="","",IF(AND(AS1002="Evet",T1002="Siparişiniz Teslim Edildi"),"Evet","Hayır")) | AU1002: =IF(G1002="","",IF(AB1002="Siparişinizin Montajı Yapıldı","Evet","Hayır")) | AV1002: =IF(G1002="","",IF(AT1002="Evet",AR1002,IF(AU1002="Evet",AP1002,"")))

Sheet Hakedis Fatura Detay
A1: Satış id | B1: Bölge | C1: Alt Bölge | D1: Rut | E1: Bayi Kodu | F1: Nihai Kod | G1: Bayi Ünvanı | H1: Fatura No | I1: Değişen Fatura No | J1: Ürün Kodu | K1: LPH 2 | L1: LPH 3 | M1: İade Durumu | N1: Satış Tipi | O1: Fatura Tipi | P1: eLogo | Q1: Kime Satış | R1: Ödeme Yöntemi | S1: Diva Yaratma Tarihi | T1: Fatura Tarihi | U1: Montaj Tarihi | V1: Montaj Fiş No | W1: Nakliye Tarihi | X1: Nakliye Kaynağı | Y1: Nakliye Fiş No | Z1: Kampanya Adı 1 | AA1: Kampanya Türü 1 | AB1: Yöntem 1 | AC1: Toplam Tutar 1 | AD1: Prim Fonundan 1 | AE1: Karlılıktan 1 | AF1: Toplam Tutar H 1 | AG1: Eşleştirme Anahtarı (Ürün Düzeyi) | AH1: Eşleştirme Anahtarı (Kampanya Düzeyi) | AI1: Kural (Ödeme Yöntemine Göre) | AJ1: Nakliye Tarihi (Ayrıştırılmış) | AK1: Hakediş Tetikleyici Tarih | AM1: Kaynak: BSH'nin bayiye gönderdiği aylık hakediş detay raporu ("... DETAY" sekmesi). Bir ürün aynı anda birden fazla kampanyaya konu olabildiğinden (ör. tekil + bundle), aynı Fatura No + Ürün Kodu için birden fazla satır olabilir; her satır 'Kampanya Adı 1' ile ayrı bir kampanya uygulamasını temsil eder. Bu yüzden eşleştirme Fatura No + Ürün Kodu + Kampanya Adı üçlüsüyle yapılır.
A2: 7000129546|2600007552 | B2: TRBB | C2: TB3 | D2: 000TRRBB32 | E2: 7000129546 | F2: 7000129546 | G2: ÖRNEK BAYİ ÜNVANI LTD.ŞTİ. | H2: 2600007552 | I2: - | J2: SMS4IKW62T | K2: LDA | L2: Bosch-LDA-BULAŞIK MAKİNESİ | M2: Geçerli | N2: Hemen Teslim | O2: e-Arşiv | P2: 1 | Q2: Tüketici | R2: Mutabakat Yoksa | S2: 30.07.2026 | T2: 30.07.2026 | U2: - | V2: - | W2: 2026-07-31 | X2: e2e | Y2: TR01-20674473 | Z2: Temmuz-Tekil Bulaşık Makinesi Kampanyası-202607 | AA2: Muhtelif Ürünler Fiyat Farkı | AB2: Montaj veya Nakliye | AC2: 3777.92 | AD2: 0 | AE2: 3777.92 | AF2: 3777.92 | AM2: Yüklü veride EN ESKİ hakediş fatura tarihi (otomatik): | AN2: =IFERROR(MINIFS($T$3:$T$1500,$H$3:$H$1500,"<>"),"")
AG3: =IF(H3="","",TEXT(H3,"0")&"|"&J3) | AH3: =IF(H3="","",TEXT(H3,"0")&"|"&J3&"|"&Z3) | AI3: =IF(H3="","",IF(R3="Mutabakat Yoksa","Kural B - Nakliye/Montaj Sonrası Ödeme","Kural A - Hemen Ödeme (Stok Mutabakatlı)")) | AJ3: =IF(OR(W3="",W3="-"),"",IFERROR(DATE(VALUE(LEFT(W3,4)),VALUE(MID(W3,6,2)),VALUE(RIGHT(W3,2))),"")) | AK3: =IF(H3="","",IF(AB3="Diva Fatura",T3,IF(AJ3<>"",AJ3,IF(ISNUMBER(U3),U3,"")))) | AM3: Yüklü veride EN YENİ hakediş fatura tarihi (otomatik): | AN3: =IFERROR(MAXIFS($T$3:$T$1500,$H$3:$H$1500,"<>"),"")
AG4: =IF(H4="","",TEXT(H4,"0")&"|"&J4) | AH4: =IF(H4="","",TEXT(H4,"0")&"|"&J4&"|"&Z4) | AI4: =IF(H4="","",IF(R4="Mutabakat Yoksa","Kural B - Nakliye/Montaj Sonrası Ödeme","Kural A - Hemen Ödeme (Stok Mutabakatlı)")) | AJ4: =IF(OR(W4="",W4="-"),"",IFERROR(DATE(VALUE(LEFT(W4,4)),VALUE(MID(W4,6,2)),VALUE(RIGHT(W4,2))),"")) | AK4: =IF(H4="","",IF(AB4="Diva Fatura",T4,IF(AJ4<>"",AJ4,IF(ISNUMBER(U4),U4,"")))) | AM4: Bu iki tarih, Kontrol sekmesinde 'bu satıştan önceki bir döneme ait hakediş dosyası hiç yüklenmemiş olabilir' uyarısını üretmek için kullanılır. Hakediş verinizi ay ay BİRİKTİREREK (üstüne yapıştırıp SİLMEDEN, altına ekleyerek) yüklerseniz bu uyarı neredeyse hiç çıkmaz.
AG5: =IF(H5="","",TEXT(H5,"0")&"|"&J5) | AH5: =IF(H5="","",TEXT(H5,"0")&"|"&J5&"|"&Z5) | AI5: =IF(H5="","",IF(R5="Mutabakat Yoksa","Kural B - Nakliye/Montaj Sonrası Ödeme","Kural A - Hemen Ödeme (Stok Mutabakatlı)")) | AJ5: =IF(OR(W5="",W5="-"),"",IFERROR(DATE(VALUE(LEFT(W5,4)),VALUE(MID(W5,6,2)),VALUE(RIGHT(W5,2))),"")) | AK5: =IF(H5="","",IF(AB5="Diva Fatura",T5,IF(AJ5<>"",AJ5,IF(ISNUMBER(U5),U5,""))))
AG6: =IF(H6="","",TEXT(H6,"0")&"|"&J6) | AH6: =IF(H6="","",TEXT(H6,"0")&"|"&J6&"|"&Z6) | AI6: =IF(H6="","",IF(R6="Mutabakat Yoksa","Kural B - Nakliye/Montaj Sonrası Ödeme","Kural A - Hemen Ödeme (Stok Mutabakatlı)")) | AJ6: =IF(OR(W6="",W6="-"),"",IFERROR(DATE(VALUE(LEFT(W6,4)),VALUE(MID(W6,6,2)),VALUE(RIGHT(W6,2))),"")) | AK6: =IF(H6="","",IF(AB6="Diva Fatura",T6,IF(AJ6<>"",AJ6,IF(ISNUMBER(U6),U6,""))))
AG7: =IF(H7="","",TEXT(H7,"0")&"|"&J7) | AH7: =IF(H7="","",TEXT(H7,"0")&"|"&J7&"|"&Z7) | AI7: =IF(H7="","",IF(R7="Mutabakat Yoksa","Kural B - Nakliye/Montaj Sonrası Ödeme","Kural A - Hemen Ödeme (Stok Mutabakatlı)")) | AJ7: =IF(OR(W7="",W7="-"),"",IFERROR(DATE(VALUE(LEFT(W7,4)),VALUE(MID(W7,6,2)),VALUE(RIGHT(W7,2))),"")) | AK7: =IF(H7="","",IF(AB7="Diva Fatura",T7,IF(AJ7<>"",AJ7,IF(ISNUMBER(U7),U7,""))))
AG8: =IF(H8="","",TEXT(H8,"0")&"|"&J8) | AH8: =IF(H8="","",TEXT(H8,"0")&"|"&J8&"|"&Z8) | AI8: =IF(H8="","",IF(R8="Mutabakat Yoksa","Kural B - Nakliye/Montaj Sonrası Ödeme","Kural A - Hemen Ödeme (Stok Mutabakatlı)")) | AJ8: =IF(OR(W8="",W8="-"),"",IFERROR(DATE(VALUE(LEFT(W8,4)),VALUE(MID(W8,6,2)),VALUE(RIGHT(W8,2))),"")) | AK8: =IF(H8="","",IF(AB8="Diva Fatura",T8,IF(AJ8<>"",AJ8,IF(ISNUMBER(U8),U8,""))))
AG9: =IF(H9="","",TEXT(H9,"0")&"|"&J9) | AH9: =IF(H9="","",TEXT(H9,"0")&"|"&J9&"|"&Z9) | AI9: =IF(H9="","",IF(R9="Mutabakat Yoksa","Kural B - Nakliye/Montaj Sonrası Ödeme","Kural A - Hemen Ödeme (Stok Mutabakatlı)")) | AJ9: =IF(OR(W9="",W9="-"),"",IFERROR(DATE(VALUE(LEFT(W9,4)),VALUE(MID(W9,6,2)),VALUE(RIGHT(W9,2))),"")) | AK9: =IF(H9="","",IF(AB9="Diva Fatura",T9,IF(AJ9<>"",AJ9,IF(ISNUMBER(U9),U9,""))))
AG10: =IF(H10="","",TEXT(H10,"0")&"|"&J10) | AH10: =IF(H10="","",TEXT(H10,"0")&"|"&J10&"|"&Z10) | AI10: =IF(H10="","",IF(R10="Mutabakat Yoksa","Kural B - Nakliye/Montaj Sonrası Ödeme","Kural A - Hemen Ödeme (Stok Mutabakatlı)")) | AJ10: =IF(OR(W10="",W10="-"),"",IFERROR(DATE(VALUE(LEFT(W10,4)),VALUE(MID(W10,6,2)),VALUE(RIGHT(W10,2))),"")) | AK10: =IF(H10="","",IF(AB10="Diva Fatura",T10,IF(AJ10<>"",AJ10,IF(ISNUMBER(U10),U10,""))))
AG11: =IF(H11="","",TEXT(H11,"0")&"|"&J11) | AH11: =IF(H11="","",TEXT(H11,"0")&"|"&J11&"|"&Z11) | AI11: =IF(H11="","",IF(R11="Mutabakat Yoksa","Kural B - Nakliye/Montaj Sonrası Ödeme","Kural A - Hemen Ödeme (Stok Mutabakatlı)")) | AJ11: =IF(OR(W11="",W11="-"),"",IFERROR(DATE(VALUE(LEFT(W11,4)),VALUE(MID(W11,6,2)),VALUE(RIGHT(W11,2))),"")) | AK11: =IF(H11="","",IF(AB11="Diva Fatura",T11,IF(AJ11<>"",AJ11,IF(ISNUMBER(U11),U11,""))))
AG12: =IF(H12="","",TEXT(H12,"0")&"|"&J12) | AH12: =IF(H12="","",TEXT(H12,"0")&"|"&J12&"|"&Z12) | AI12: =IF(H12="","",IF(R12="Mutabakat Yoksa","Kural B - Nakliye/Montaj Sonrası Ödeme","Kural A - Hemen Ödeme (Stok Mutabakatlı)")) | AJ12: =IF(OR(W12="",W12="-"),"",IFERROR(DATE(VALUE(LEFT(W12,4)),VALUE(MID(W12,6,2)),VALUE(RIGHT(W12,2))),"")) | AK12: =IF(H12="","",IF(AB12="Diva Fatura",T12,IF(AJ12<>"",AJ12,IF(ISNUMBER(U12),U12,""))))
AG13: =IF(H13="","",TEXT(H13,"0")&"|"&J13) | AH13: =IF(H13="","",TEXT(H13,"0")&"|"&J13&"|"&Z13) | AI13: =IF(H13="","",IF(R13="Mutabakat Yoksa","Kural B - Nakliye/Montaj Sonrası Ödeme","Kural A - Hemen Ödeme (Stok Mutabakatlı)")) | AJ13: =IF(OR(W13="",W13="-"),"",IFERROR(DATE(VALUE(LEFT(W13,4)),VALUE(MID(W13,6,2)),VALUE(RIGHT(W13,2))),"")) | AK13: =IF(H13="","",IF(AB13="Diva Fatura",T13,IF(AJ13<>"",AJ13,IF(ISNUMBER(U13),U13,""))))
AG14: =IF(H14="","",TEXT(H14,"0")&"|"&J14) | AH14: =IF(H14="","",TEXT(H14,"0")&"|"&J14&"|"&Z14) | AI14: =IF(H14="","",IF(R14="Mutabakat Yoksa","Kural B - Nakliye/Montaj Sonrası Ödeme","Kural A - Hemen Ödeme (Stok Mutabakatlı)")) | AJ14: =IF(OR(W14="",W14="-"),"",IFERROR(DATE(VALUE(LEFT(W14,4)),VALUE(MID(W14,6,2)),VALUE(RIGHT(W14,2))),"")) | AK14: =IF(H14="","",IF(AB14="Diva Fatura",T14,IF(AJ14<>"",AJ14,IF(ISNUMBER(U14),U14,""))))
AG15: =IF(H15="","",TEXT(H15,"0")&"|"&J15) | AH15: =IF(H15="","",TEXT(H15,"0")&"|"&J15&"|"&Z15) | AI15: =IF(H15="","",IF(R15="Mutabakat Yoksa","Kural B - Nakliye/Montaj Sonrası Ödeme","Kural A - Hemen Ödeme (Stok Mutabakatlı)")) | AJ15: =IF(OR(W15="",W15="-"),"",IFERROR(DATE(VALUE(LEFT(W15,4)),VALUE(MID(W15,6,2)),VALUE(RIGHT(W15,2))),"")) | AK15: =IF(H15="","",IF(AB15="Diva Fatura",T15,IF(AJ15<>"",AJ15,IF(ISNUMBER(U15),U15,""))))
AG16: =IF(H16="","",TEXT(H16,"0")&"|"&J16) | AH16: =IF(H16="","",TEXT(H16,"0")&"|"&J16&"|"&Z16) | AI16: =IF(H16="","",IF(R16="Mutabakat Yoksa","Kural B - Nakliye/Montaj Sonrası Ödeme","Kural A - Hemen Ödeme (Stok Mutabakatlı)")) | AJ16: =IF(OR(W16="",W16="-"),"",IFERROR(DATE(VALUE(LEFT(W16,4)),VALUE(MID(W16,6,2)),VALUE(RIGHT(W16,2))),"")) | AK16: =IF(H16="","",IF(AB16="Diva Fatura",T16,IF(AJ16<>"",AJ16,IF(ISNUMBER(U16),U16,""))))
... AG1500: =IF(H1500="","",TEXT(H1500,"0")&"|"&J1500) | AH1500: =IF(H1500="","",TEXT(H1500,"0")&"|"&J1500&"|"&Z1500) | AI1500: =IF(H1500="","",IF(R1500="Mutabakat Yoksa","Kural B - Nakliye/Montaj Sonrası Ödeme","Kural A - Hemen Ödeme (Stok Mutabakatlı)")) | AJ1500: =IF(OR(W1500="",W1500="-"),"",IFERROR(DATE(VALUE(LEFT(W1500,4)),VALUE(MID(W1500,6,2)),VALUE(RIGHT(W1500,2))),"")) | AK1500: =IF(H1500="","",IF(AB1500="Diva Fatura",T1500,IF(AJ1500<>"",AJ1500,IF(ISNUMBER(U1500),U1500,""))))

Sheet Kontrol
A1: Fatura No | B1: Ürün Kodu | C1: Ad Soyad | D1: Fatura Tarihi | E1: Paket Adı (Kampanya) | F1: Kampanya Bulundu mu | G1: Kampanya Aralığında mı | H1: Hakediş Son Tarihi | I1: Beklenen Hakediş Tutarı | J1: Uygulanacak Kural (Ön Beklenti) | K1: Hakediş Faturasında Bulundu mu | L1: HFD Ödeme Yöntemi | M1: HFD'ye Göre Kural | N1: HFD Yöntem 1 | O1: HFD Hakediş Tetikleyici Tarih | P1: Süre İçinde Tamamlandı mı | Q1: E2E: Nakliye Tamamlandı mı | R1: E2E: Montaj Tamamlandı mı | S1: E2E-HFD Tutarlılığı | T1: Faturada Bulunan Tutar | U1: Tutar Farkı | V1: Tutar Durumu | W1: GENEL DURUM | X1: Veri Kapsamı Uyarısı (eski ay hakedişi olabilir) | Y1: Sorun Raporu Sıra No (yardımcı)
A3: =IF('DIVA Satislari'!I3="","",'DIVA Satislari'!I3) | B3: =IF('DIVA Satislari'!I3="","",'DIVA Satislari'!R3) | C3: =IF('DIVA Satislari'!I3="","",'DIVA Satislari'!M3) | D3: =IF('DIVA Satislari'!I3="","",'DIVA Satislari'!H3) | E3: =IF('DIVA Satislari'!I3="","",'DIVA Satislari'!O3) | F3: =IF('DIVA Satislari'!I3="","",'DIVA Satislari'!AL3) | G3: =IF('DIVA Satislari'!I3="","",'DIVA Satislari'!AP3) | H3: =IF('DIVA Satislari'!I3="","",'DIVA Satislari'!AO3) | I3: =IF('DIVA Satislari'!I3="","",'DIVA Satislari'!AR3) | J3: =IF('DIVA Satislari'!I3="","",'DIVA Satislari'!AS3) | K3: =IF('DIVA Satislari'!I3="","",IF(ISNA(MATCH('DIVA Satislari'!AK3,'Hakedis Fatura Detay'!$AH$3:$AH$1500,0)),"Hayır - Henüz Faturalanmamış","Evet")) | L3: =IF(K3<>"Evet","",IFERROR(INDEX('Hakedis Fatura Detay'!$R$3:$R$1500,MATCH('DIVA Satislari'!AK3,'Hakedis Fatura Detay'!$AH$3:$AH$1500,0)),"")) | M3: =IF(K3<>"Evet","",IFERROR(INDEX('Hakedis Fatura Detay'!$AI$3:$AI$1500,MATCH('DIVA Satislari'!AK3,'Hakedis Fatura Detay'!$AH$3:$AH$1500,0)),"")) | N3: =IF(K3<>"Evet","",IFERROR(INDEX('Hakedis Fatura Detay'!$AB$3:$AB$1500,MATCH('DIVA Satislari'!AK3,'Hakedis Fatura Detay'!$AH$3:$AH$1500,0)),"")) | O3: =IF(K3<>"Evet","",IFERROR(INDEX('Hakedis Fatura Detay'!$AK$3:$AK$1500,MATCH('DIVA Satislari'!AK3,'Hakedis Fatura Detay'!$AH$3:$AH$1500,0)),"")) | P3: =IF(OR(K3<>"Evet",O3="",H3=""),"",IF(O3<=H3,"Evet","HAYIR - RİSK")) | Q3: =IF(A3="","",IFERROR(INDEX('E2E Nakliye Montaj'!$AT$3:$AT$1002,MATCH('DIVA Satislari'!AJ3,'E2E Nakliye Montaj'!$AM$3:$AM$1002,0)),"Hayır")) | R3: =IF(A3="","",IFERROR(INDEX('E2E Nakliye Montaj'!$AU$3:$AU$1002,MATCH('DIVA Satislari'!AJ3,'E2E Nakliye Montaj'!$AM$3:$AM$1002,0)),"Hayır")) | S3: =IF(OR(K3<>"Evet",N3=""),"",IF(N3="Montaj veya Nakliye",IF(OR(Q3="Evet",R3="Evet"),"Tutarlı","UYUŞMUYOR - E2E'de Tamamlanma Yok"),"N/A - Hemen Ödeme Yöntemi")) | T3: =IF(A3="","",SUMIF('Hakedis Fatura Detay'!$AH$3:$AH$1500,'DIVA Satislari'!AK3,'Hakedis Fatura Detay'!$AF$3:$AF$1500)) | U3: =IF(A3="","",I3-T3) | V3: =IF(A3="","",IF(K3<>"Evet","Henüz Faturalanmadı",IF(U3=0,"Doğru",IF(U3>0,"EKSİK ÖDENMİŞ","FAZLA ÖDENMİŞ")))) | W3: =IF(A3="","",IF(F3<>"Evet","İNCELEME GEREKLİ - Kampanya Tanımsız",IF(G3<>"Evet","İNCELEME GEREKLİ - Tarih Dışı Satış",IF(K3<>"Evet",IF(X3<>"","Bekleniyor - "&X3,"Bekleniyor - Henüz Faturalanmadı"),IF(P3="HAYIR - RİSK","İNCELEME GEREKLİ - Hakediş Süresi Aşıldı",IF(LEFT(S3,9)="UYUŞMUYOR","İNCELEME GEREKLİ - Nakliye/Montaj Tutarsızlığı",IF(OR(V3="EKSİK ÖDENMİŞ",V3="FAZLA ÖDENMİŞ"),"İNCELEME GEREKLİ - Tutar Uyuşmazlığı","Uygun"))))))) | X3: =IF(OR(A3="",K3<>"Hayır"),"",IF(AND('Hakedis Fatura Detay'!$AN$2<>"",'DIVA Satislari'!H3<'Hakedis Fatura Detay'!$AN$2),"DİKKAT - Eski Ay Hakediş Dosyası Yüklenmemiş Olabilir","")) | Y3: =IF(OR(W3="",W3="Uygun"),"",SUMPRODUCT(($W$3:W3<>"Uygun")*($W$3:W3<>"")*1))
A4: =IF('DIVA Satislari'!I4="","",'DIVA Satislari'!I4) | B4: =IF('DIVA Satislari'!I4="","",'DIVA Satislari'!R4) | C4: =IF('DIVA Satislari'!I4="","",'DIVA Satislari'!M4) | D4: =IF('DIVA Satislari'!I4="","",'DIVA Satislari'!H4) | E4: =IF('DIVA Satislari'!I4="","",'DIVA Satislari'!O4) | F4: =IF('DIVA Satislari'!I4="","",'DIVA Satislari'!AL4) | G4: =IF('DIVA Satislari'!I4="","",'DIVA Satislari'!AP4) | H4: =IF('DIVA Satislari'!I4="","",'DIVA Satislari'!AO4) | I4: =IF('DIVA Satislari'!I4="","",'DIVA Satislari'!AR4) | J4: =IF('DIVA Satislari'!I4="","",'DIVA Satislari'!AS4) | K4: =IF('DIVA Satislari'!I4="","",IF(ISNA(MATCH('DIVA Satislari'!AK4,'Hakedis Fatura Detay'!$AH$3:$AH$1500,0)),"Hayır - Henüz Faturalanmamış","Evet")) | L4: =IF(K4<>"Evet","",IFERROR(INDEX('Hakedis Fatura Detay'!$R$3:$R$1500,MATCH('DIVA Satislari'!AK4,'Hakedis Fatura Detay'!$AH$3:$AH$1500,0)),"")) | M4: =IF(K4<>"Evet","",IFERROR(INDEX('Hakedis Fatura Detay'!$AI$3:$AI$1500,MATCH('DIVA Satislari'!AK4,'Hakedis Fatura Detay'!$AH$3:$AH$1500,0)),"")) | N4: =IF(K4<>"Evet","",IFERROR(INDEX('Hakedis Fatura Detay'!$AB$3:$AB$1500,MATCH('DIVA Satislari'!AK4,'Hakedis Fatura Detay'!$AH$3:$AH$1500,0)),"")) | O4: =IF(K4<>"Evet","",IFERROR(INDEX('Hakedis Fatura Detay'!$AK$3:$AK$1500,MATCH('DIVA Satislari'!AK4,'Hakedis Fatura Detay'!$AH$3:$AH$1500,0)),"")) | P4: =IF(OR(K4<>"Evet",O4="",H4=""),"",IF(O4<=H4,"Evet","HAYIR - RİSK")) | Q4: =IF(A4="","",IFERROR(INDEX('E2E Nakliye Montaj'!$AT$3:$AT$1002,MATCH('DIVA Satislari'!AJ4,'E2E Nakliye Montaj'!$AM$3:$AM$1002,0)),"Hayır")) | R4: =IF(A4="","",IFERROR(INDEX('E2E Nakliye Montaj'!$AU$3:$AU$1002,MATCH('DIVA Satislari'!AJ4,'E2E Nakliye Montaj'!$AM$3:$AM$1002,0)),"Hayır")) | S4: =IF(OR(K4<>"Evet",N4=""),"",IF(N4="Montaj veya Nakliye",IF(OR(Q4="Evet",R4="Evet"),"Tutarlı","UYUŞMUYOR - E2E'de Tamamlanma Yok"),"N/A - Hemen Ödeme Yöntemi")) | T4: =IF(A4="","",SUMIF('Hakedis Fatura Detay'!$AH$3:$AH$1500,'DIVA Satislari'!AK4,'Hakedis Fatura Detay'!$AF$3:$AF$1500)) | U4: =IF(A4="","",I4-T4) | V4: =IF(A4="","",IF(K4<>"Evet","Henüz Faturalanmadı",IF(U4=0,"Doğru",IF(U4>0,"EKSİK ÖDENMİŞ","FAZLA ÖDENMİŞ")))) | W4: =IF(A4="","",IF(F4<>"Evet","İNCELEME GEREKLİ - Kampanya Tanımsız",IF(G4<>"Evet","İNCELEME GEREKLİ - Tarih Dışı Satış",IF(K4<>"Evet",IF(X4<>"","Bekleniyor - "&X4,"Bekleniyor - Henüz Faturalanmadı"),IF(P4="HAYIR - RİSK","İNCELEME GEREKLİ - Hakediş Süresi Aşıldı",IF(LEFT(S4,9)="UYUŞMUYOR","İNCELEME GEREKLİ - Nakliye/Montaj Tutarsızlığı",IF(OR(V4="EKSİK ÖDENMİŞ",V4="FAZLA ÖDENMİŞ"),"İNCELEME GEREKLİ - Tutar Uyuşmazlığı","Uygun"))))))) | X4: =IF(OR(A4="",K4<>"Hayır"),"",IF(AND('Hakedis Fatura Detay'!$AN$2<>"",'DIVA Satislari'!H4<'Hakedis Fatura Detay'!$AN$2),"DİKKAT - Eski Ay Hakediş Dosyası Yüklenmemiş Olabilir","")) | Y4: =IF(OR(W4="",W4="Uygun"),"",SUMPRODUCT(($W$3:W4<>"Uygun")*($W$3:W4<>"")*1))
A5: =IF('DIVA Satislari'!I5="","",'DIVA Satislari'!I5) | B5: =IF('DIVA Satislari'!I5="","",'DIVA Satislari'!R5) | C5: =IF('DIVA Satislari'!I5="","",'DIVA Satislari'!M5) | D5: =IF('DIVA Satislari'!I5="","",'DIVA Satislari'!H5) | E5: =IF('DIVA Satislari'!I5="","",'DIVA Satislari'!O5) | F5: =IF('DIVA Satislari'!I5="","",'DIVA Satislari'!AL5) | G5: =IF('DIVA Satislari'!I5="","",'DIVA Satislari'!AP5) | H5: =IF('DIVA Satislari'!I5="","",'DIVA Satislari'!AO5) | I5: =IF('DIVA Satislari'!I5="","",'DIVA Satislari'!AR5) | J5: =IF('DIVA Satislari'!I5="","",'DIVA Satislari'!AS5) | K5: =IF('DIVA Satislari'!I5="","",IF(ISNA(MATCH('DIVA Satislari'!AK5,'Hakedis Fatura Detay'!$AH$3:$AH$1500,0)),"Hayır - Henüz Faturalanmamış","Evet")) | L5: =IF(K5<>"Evet","",IFERROR(INDEX('Hakedis Fatura Detay'!$R$3:$R$1500,MATCH('DIVA Satislari'!AK5,'Hakedis Fatura Detay'!$AH$3:$AH$1500,0)),"")) | M5: =IF(K5<>"Evet","",IFERROR(INDEX('Hakedis Fatura Detay'!$AI$3:$AI$1500,MATCH('DIVA Satislari'!AK5,'Hakedis Fatura Detay'!$AH$3:$AH$1500,0)),"")) | N5: =IF(K5<>"Evet","",IFERROR(INDEX('Hakedis Fatura Detay'!$AB$3:$AB$1500,MATCH('DIVA Satislari'!AK5,'Hakedis Fatura Detay'!$AH$3:$AH$1500,0)),"")) | O5: =IF(K5<>"Evet","",IFERROR(INDEX('Hakedis Fatura Detay'!$AK$3:$AK$1500,MATCH('DIVA Satislari'!AK5,'Hakedis Fatura Detay'!$AH$3:$AH$1500,0)),"")) | P5: =IF(OR(K5<>"Evet",O5="",H5=""),"",IF(O5<=H5,"Evet","HAYIR - RİSK")) | Q5: =IF(A5="","",IFERROR(INDEX('E2E Nakliye Montaj'!$AT$3:$AT$1002,MATCH('DIVA Satislari'!AJ5,'E2E Nakliye Montaj'!$AM$3:$AM$1002,0)),"Hayır")) | R5: =IF(A5="","",IFERROR(INDEX('E2E Nakliye Montaj'!$AU$3:$AU$1002,MATCH('DIVA Satislari'!AJ5,'E2E Nakliye Montaj'!$AM$3:$AM$1002,0)),"Hayır")) | S5: =IF(OR(K5<>"Evet",N5=""),"",IF(N5="Montaj veya Nakliye",IF(OR(Q5="Evet",R5="Evet"),"Tutarlı","UYUŞMUYOR - E2E'de Tamamlanma Yok"),"N/A - Hemen Ödeme Yöntemi")) | T5: =IF(A5="","",SUMIF('Hakedis Fatura Detay'!$AH$3:$AH$1500,'DIVA Satislari'!AK5,'Hakedis Fatura Detay'!$AF$3:$AF$1500)) | U5: =IF(A5="","",I5-T5) | V5: =IF(A5="","",IF(K5<>"Evet","Henüz Faturalanmadı",IF(U5=0,"Doğru",IF(U5>0,"EKSİK ÖDENMİŞ","FAZLA ÖDENMİŞ")))) | W5: =IF(A5="","",IF(F5<>"Evet","İNCELEME GEREKLİ - Kampanya Tanımsız",IF(G5<>"Evet","İNCELEME GEREKLİ - Tarih Dışı Satış",IF(K5<>"Evet",IF(X5<>"","Bekleniyor - "&X5,"Bekleniyor - Henüz Faturalanmadı"),IF(P5="HAYIR - RİSK","İNCELEME GEREKLİ - Hakediş Süresi Aşıldı",IF(LEFT(S5,9)="UYUŞMUYOR","İNCELEME GEREKLİ - Nakliye/Montaj Tutarsızlığı",IF(OR(V5="EKSİK ÖDENMİŞ",V5="FAZLA ÖDENMİŞ"),"İNCELEME GEREKLİ - Tutar Uyuşmazlığı","Uygun"))))))) | X5: =IF(OR(A5="",K5<>"Hayır"),"",IF(AND('Hakedis Fatura Detay'!$AN$2<>"",'DIVA Satislari'!H5<'Hakedis Fatura Detay'!$AN$2),"DİKKAT - Eski Ay Hakediş Dosyası Yüklenmemiş Olabilir","")) | Y5: =IF(OR(W5="",W5="Uygun"),"",SUMPRODUCT(($W$3:W5<>"Uygun")*($W$3:W5<>"")*1))
A6: =IF('DIVA Satislari'!I6="","",'DIVA Satislari'!I6) | B6: =IF('DIVA Satislari'!I6="","",'DIVA Satislari'!R6) | C6: =IF('DIVA Satislari'!I6="","",'DIVA Satislari'!M6) | D6: =IF('DIVA Satislari'!I6="","",'DIVA Satislari'!H6) | E6: =IF('DIVA Satislari'!I6="","",'DIVA Satislari'!O6) | F6: =IF('DIVA Satislari'!I6="","",'DIVA Satislari'!AL6) | G6: =IF('DIVA Satislari'!I6="","",'DIVA Satislari'!AP6) | H6: =IF('DIVA Satislari'!I6="","",'DIVA Satislari'!AO6) | I6: =IF('DIVA Satislari'!I6="","",'DIVA Satislari'!AR6) | J6: =IF('DIVA Satislari'!I6="","",'DIVA Satislari'!AS6) | K6: =IF('DIVA Satislari'!I6="","",IF(ISNA(MATCH('DIVA Satislari'!AK6,'Hakedis Fatura Detay'!$AH$3:$AH$1500,0)),"Hayır - Henüz Faturalanmamış","Evet")) | L6: =IF(K6<>"Evet","",IFERROR(INDEX('Hakedis Fatura Detay'!$R$3:$R$1500,MATCH('DIVA Satislari'!AK6,'Hakedis Fatura Detay'!$AH$3:$AH$1500,0)),"")) | M6: =IF(K6<>"Evet","",IFERROR(INDEX('Hakedis Fatura Detay'!$AI$3:$AI$1500,MATCH('DIVA Satislari'!AK6,'Hakedis Fatura Detay'!$AH$3:$AH$1500,0)),"")) | N6: =IF(K6<>"Evet","",IFERROR(INDEX('Hakedis Fatura Detay'!$AB$3:$AB$1500,MATCH('DIVA Satislari'!AK6,'Hakedis Fatura Detay'!$AH$3:$AH$1500,0)),"")) | O6: =IF(K6<>"Evet","",IFERROR(INDEX('Hakedis Fatura Detay'!$AK$3:$AK$1500,MATCH('DIVA Satislari'!AK6,'Hakedis Fatura Detay'!$AH$3:$AH$1500,0)),"")) | P6: =IF(OR(K6<>"Evet",O6="",H6=""),"",IF(O6<=H6,"Evet","HAYIR - RİSK")) | Q6: =IF(A6="","",IFERROR(INDEX('E2E Nakliye Montaj'!$AT$3:$AT$1002,MATCH('DIVA Satislari'!AJ6,'E2E Nakliye Montaj'!$AM$3:$AM$1002,0)),"Hayır")) | R6: =IF(A6="","",IFERROR(INDEX('E2E Nakliye Montaj'!$AU$3:$AU$1002,MATCH('DIVA Satislari'!AJ6,'E2E Nakliye Montaj'!$AM$3:$AM$1002,0)),"Hayır")) | S6: =IF(OR(K6<>"Evet",N6=""),"",IF(N6="Montaj veya Nakliye",IF(OR(Q6="Evet",R6="Evet"),"Tutarlı","UYUŞMUYOR - E2E'de Tamamlanma Yok"),"N/A - Hemen Ödeme Yöntemi")) | T6: =IF(A6="","",SUMIF('Hakedis Fatura Detay'!$AH$3:$AH$1500,'DIVA Satislari'!AK6,'Hakedis Fatura Detay'!$AF$3:$AF$1500)) | U6: =IF(A6="","",I6-T6) | V6: =IF(A6="","",IF(K6<>"Evet","Henüz Faturalanmadı",IF(U6=0,"Doğru",IF(U6>0,"EKSİK ÖDENMİŞ","FAZLA ÖDENMİŞ")))) | W6: =IF(A6="","",IF(F6<>"Evet","İNCELEME GEREKLİ - Kampanya Tanımsız",IF(G6<>"Evet","İNCELEME GEREKLİ - Tarih Dışı Satış",IF(K6<>"Evet",IF(X6<>"","Bekleniyor - "&X6,"Bekleniyor - Henüz Faturalanmadı"),IF(P6="HAYIR - RİSK","İNCELEME GEREKLİ - Hakediş Süresi Aşıldı",IF(LEFT(S6,9)="UYUŞMUYOR","İNCELEME GEREKLİ - Nakliye/Montaj Tutarsızlığı",IF(OR(V6="EKSİK ÖDENMİŞ",V6="FAZLA ÖDENMİŞ"),"İNCELEME GEREKLİ - Tutar Uyuşmazlığı","Uygun"))))))) | X6: =IF(OR(A6="",K6<>"Hayır"),"",IF(AND('Hakedis Fatura Detay'!$AN$2<>"",'DIVA Satislari'!H6<'Hakedis Fatura Detay'!$AN$2),"DİKKAT - Eski Ay Hakediş Dosyası Yüklenmemiş Olabilir","")) | Y6: =IF(OR(W6="",W6="Uygun"),"",SUMPRODUCT(($W$3:W6<>"Uygun")*($W$3:W6<>"")*1))
A7: =IF('DIVA Satislari'!I7="","",'DIVA Satislari'!I7) | B7: =IF('DIVA Satislari'!I7="","",'DIVA Satislari'!R7) | C7: =IF('DIVA Satislari'!I7="","",'DIVA Satislari'!M7) | D7: =IF('DIVA Satislari'!I7="","",'DIVA Satislari'!H7) | E7: =IF('DIVA Satislari'!I7="","",'DIVA Satislari'!O7) | F7: =IF('DIVA Satislari'!I7="","",'DIVA Satislari'!AL7) | G7: =IF('DIVA Satislari'!I7="","",'DIVA Satislari'!AP7) | H7: =IF('DIVA Satislari'!I7="","",'DIVA Satislari'!AO7) | I7: =IF('DIVA Satislari'!I7="","",'DIVA Satislari'!AR7) | J7: =IF('DIVA Satislari'!I7="","",'DIVA Satislari'!AS7) | K7: =IF('DIVA Satislari'!I7="","",IF(ISNA(MATCH('DIVA Satislari'!AK7,'Hakedis Fatura Detay'!$AH$3:$AH$1500,0)),"Hayır - Henüz Faturalanmamış","Evet")) | L7: =IF(K7<>"Evet","",IFERROR(INDEX('Hakedis Fatura Detay'!$R$3:$R$1500,MATCH('DIVA Satislari'!AK7,'Hakedis Fatura Detay'!$AH$3:$AH$1500,0)),"")) | M7: =IF(K7<>"Evet","",IFERROR(INDEX('Hakedis Fatura Detay'!$AI$3:$AI$1500,MATCH('DIVA Satislari'!AK7,'Hakedis Fatura Detay'!$AH$3:$AH$1500,0)),"")) | N7: =IF(K7<>"Evet","",IFERROR(INDEX('Hakedis Fatura Detay'!$AB$3:$AB$1500,MATCH('DIVA Satislari'!AK7,'Hakedis Fatura Detay'!$AH$3:$AH$1500,0)),"")) | O7: =IF(K7<>"Evet","",IFERROR(INDEX('Hakedis Fatura Detay'!$AK$3:$AK$1500,MATCH('DIVA Satislari'!AK7,'Hakedis Fatura Detay'!$AH$3:$AH$1500,0)),"")) | P7: =IF(OR(K7<>"Evet",O7="",H7=""),"",IF(O7<=H7,"Evet","HAYIR - RİSK")) | Q7: =IF(A7="","",IFERROR(INDEX('E2E Nakliye Montaj'!$AT$3:$AT$1002,MATCH('DIVA Satislari'!AJ7,'E2E Nakliye Montaj'!$AM$3:$AM$1002,0)),"Hayır")) | R7: =IF(A7="","",IFERROR(INDEX('E2E Nakliye Montaj'!$AU$3:$AU$1002,MATCH('DIVA Satislari'!AJ7,'E2E Nakliye Montaj'!$AM$3:$AM$1002,0)),"Hayır")) | S7: =IF(OR(K7<>"Evet",N7=""),"",IF(N7="Montaj veya Nakliye",IF(OR(Q7="Evet",R7="Evet"),"Tutarlı","UYUŞMUYOR - E2E'de Tamamlanma Yok"),"N/A - Hemen Ödeme Yöntemi")) | T7: =IF(A7="","",SUMIF('Hakedis Fatura Detay'!$AH$3:$AH$1500,'DIVA Satislari'!AK7,'Hakedis Fatura Detay'!$AF$3:$AF$1500)) | U7: =IF(A7="","",I7-T7) | V7: =IF(A7="","",IF(K7<>"Evet","Henüz Faturalanmadı",IF(U7=0,"Doğru",IF(U7>0,"EKSİK ÖDENMİŞ","FAZLA ÖDENMİŞ")))) | W7: =IF(A7="","",IF(F7<>"Evet","İNCELEME GEREKLİ - Kampanya Tanımsız",IF(G7<>"Evet","İNCELEME GEREKLİ - Tarih Dışı Satış",IF(K7<>"Evet",IF(X7<>"","Bekleniyor - "&X7,"Bekleniyor - Henüz Faturalanmadı"),IF(P7="HAYIR - RİSK","İNCELEME GEREKLİ - Hakediş Süresi Aşıldı",IF(LEFT(S7,9)="UYUŞMUYOR","İNCELEME GEREKLİ - Nakliye/Montaj Tutarsızlığı",IF(OR(V7="EKSİK ÖDENMİŞ",V7="FAZLA ÖDENMİŞ"),"İNCELEME GEREKLİ - Tutar Uyuşmazlığı","Uygun"))))))) | X7: =IF(OR(A7="",K7<>"Hayır"),"",IF(AND('Hakedis Fatura Detay'!$AN$2<>"",'DIVA Satislari'!H7<'Hakedis Fatura Detay'!$AN$2),"DİKKAT - Eski Ay Hakediş Dosyası Yüklenmemiş Olabilir","")) | Y7: =IF(OR(W7="",W7="Uygun"),"",SUMPRODUCT(($W$3:W7<>"Uygun")*($W$3:W7<>"")*1))
A8: =IF('DIVA Satislari'!I8="","",'DIVA Satislari'!I8) | B8: =IF('DIVA Satislari'!I8="","",'DIVA Satislari'!R8) | C8: =IF('DIVA Satislari'!I8="","",'DIVA Satislari'!M8) | D8: =IF('DIVA Satislari'!I8="","",'DIVA Satislari'!H8) | E8: =IF('DIVA Satislari'!I8="","",'DIVA Satislari'!O8) | F8: =IF('DIVA Satislari'!I8="","",'DIVA Satislari'!AL8) | G8: =IF('DIVA Satislari'!I8="","",'DIVA Satislari'!AP8) | H8: =IF('DIVA Satislari'!I8="","",'DIVA Satislari'!AO8) | I8: =IF('DIVA Satislari'!I8="","",'DIVA Satislari'!AR8) | J8: =IF('DIVA Satislari'!I8="","",'DIVA Satislari'!AS8) | K8: =IF('DIVA Satislari'!I8="","",IF(ISNA(MATCH('DIVA Satislari'!AK8,'Hakedis Fatura Detay'!$AH$3:$AH$1500,0)),"Hayır - Henüz Faturalanmamış","Evet")) | L8: =IF(K8<>"Evet","",IFERROR(INDEX('Hakedis Fatura Detay'!$R$3:$R$1500,MATCH('DIVA Satislari'!AK8,'Hakedis Fatura Detay'!$AH$3:$AH$1500,0)),"")) | M8: =IF(K8<>"Evet","",IFERROR(INDEX('Hakedis Fatura Detay'!$AI$3:$AI$1500,MATCH('DIVA Satislari'!AK8,'Hakedis Fatura Detay'!$AH$3:$AH$1500,0)),"")) | N8: =IF(K8<>"Evet","",IFERROR(INDEX('Hakedis Fatura Detay'!$AB$3:$AB$1500,MATCH('DIVA Satislari'!AK8,'Hakedis Fatura Detay'!$AH$3:$AH$1500,0)),"")) | O8: =IF(K8<>"Evet","",IFERROR(INDEX('Hakedis Fatura Detay'!$AK$3:$AK$1500,MATCH('DIVA Satislari'!AK8,'Hakedis Fatura Detay'!$AH$3:$AH$1500,0)),"")) | P8: =IF(OR(K8<>"Evet",O8="",H8=""),"",IF(O8<=H8,"Evet","HAYIR - RİSK")) | Q8: =IF(A8="","",IFERROR(INDEX('E2E Nakliye Montaj'!$AT$3:$AT$1002,MATCH('DIVA Satislari'!AJ8,'E2E Nakliye Montaj'!$AM$3:$AM$1002,0)),"Hayır")) | R8: =IF(A8="","",IFERROR(INDEX('E2E Nakliye Montaj'!$AU$3:$AU$1002,MATCH('DIVA Satislari'!AJ8,'E2E Nakliye Montaj'!$AM$3:$AM$1002,0)),"Hayır")) | S8: =IF(OR(K8<>"Evet",N8=""),"",IF(N8="Montaj veya Nakliye",IF(OR(Q8="Evet",R8="Evet"),"Tutarlı","UYUŞMUYOR - E2E'de Tamamlanma Yok"),"N/A - Hemen Ödeme Yöntemi")) | T8: =IF(A8="","",SUMIF('Hakedis Fatura Detay'!$AH$3:$AH$1500,'DIVA Satislari'!AK8,'Hakedis Fatura Detay'!$AF$3:$AF$1500)) | U8: =IF(A8="","",I8-T8) | V8: =IF(A8="","",IF(K8<>"Evet","Henüz Faturalanmadı",IF(U8=0,"Doğru",IF(U8>0,"EKSİK ÖDENMİŞ","FAZLA ÖDENMİŞ")))) | W8: =IF(A8="","",IF(F8<>"Evet","İNCELEME GEREKLİ - Kampanya Tanımsız",IF(G8<>"Evet","İNCELEME GEREKLİ - Tarih Dışı Satış",IF(K8<>"Evet",IF(X8<>"","Bekleniyor - "&X8,"Bekleniyor - Henüz Faturalanmadı"),IF(P8="HAYIR - RİSK","İNCELEME GEREKLİ - Hakediş Süresi Aşıldı",IF(LEFT(S8,9)="UYUŞMUYOR","İNCELEME GEREKLİ - Nakliye/Montaj Tutarsızlığı",IF(OR(V8="EKSİK ÖDENMİŞ",V8="FAZLA ÖDENMİŞ"),"İNCELEME GEREKLİ - Tutar Uyuşmazlığı","Uygun"))))))) | X8: =IF(OR(A8="",K8<>"Hayır"),"",IF(AND('Hakedis Fatura Detay'!$AN$2<>"",'DIVA Satislari'!H8<'Hakedis Fatura Detay'!$AN$2),"DİKKAT - Eski Ay Hakediş Dosyası Yüklenmemiş Olabilir","")) | Y8: =IF(OR(W8="",W8="Uygun"),"",SUMPRODUCT(($W$3:W8<>"Uygun")*($W$3:W8<>"")*1))
A9: =IF('DIVA Satislari'!I9="","",'DIVA Satislari'!I9) | B9: =IF('DIVA Satislari'!I9="","",'DIVA Satislari'!R9) | C9: =IF('DIVA Satislari'!I9="","",'DIVA Satislari'!M9) | D9: =IF('DIVA Satislari'!I9="","",'DIVA Satislari'!H9) | E9: =IF('DIVA Satislari'!I9="","",'DIVA Satislari'!O9) | F9: =IF('DIVA Satislari'!I9="","",'DIVA Satislari'!AL9) | G9: =IF('DIVA Satislari'!I9="","",'DIVA Satislari'!AP9) | H9: =IF('DIVA Satislari'!I9="","",'DIVA Satislari'!AO9) | I9: =IF('DIVA Satislari'!I9="","",'DIVA Satislari'!AR9) | J9: =IF('DIVA Satislari'!I9="","",'DIVA Satislari'!AS9) | K9: =IF('DIVA Satislari'!I9="","",IF(ISNA(MATCH('DIVA Satislari'!AK9,'Hakedis Fatura Detay'!$AH$3:$AH$1500,0)),"Hayır - Henüz Faturalanmamış","Evet")) | L9: =IF(K9<>"Evet","",IFERROR(INDEX('Hakedis Fatura Detay'!$R$3:$R$1500,MATCH('DIVA Satislari'!AK9,'Hakedis Fatura Detay'!$AH$3:$AH$1500,0)),"")) | M9: =IF(K9<>"Evet","",IFERROR(INDEX('Hakedis Fatura Detay'!$AI$3:$AI$1500,MATCH('DIVA Satislari'!AK9,'Hakedis Fatura Detay'!$AH$3:$AH$1500,0)),"")) | N9: =IF(K9<>"Evet","",IFERROR(INDEX('Hakedis Fatura Detay'!$AB$3:$AB$1500,MATCH('DIVA Satislari'!AK9,'Hakedis Fatura Detay'!$AH$3:$AH$1500,0)),"")) | O9: =IF(K9<>"Evet","",IFERROR(INDEX('Hakedis Fatura Detay'!$AK$3:$AK$1500,MATCH('DIVA Satislari'!AK9,'Hakedis Fatura Detay'!$AH$3:$AH$1500,0)),"")) | P9: =IF(OR(K9<>"Evet",O9="",H9=""),"",IF(O9<=H9,"Evet","HAYIR - RİSK")) | Q9: =IF(A9="","",IFERROR(INDEX('E2E Nakliye Montaj'!$AT$3:$AT$1002,MATCH('DIVA Satislari'!AJ9,'E2E Nakliye Montaj'!$AM$3:$AM$1002,0)),"Hayır")) | R9: =IF(A9="","",IFERROR(INDEX('E2E Nakliye Montaj'!$AU$3:$AU$1002,MATCH('DIVA Satislari'!AJ9,'E2E Nakliye Montaj'!$AM$3:$AM$1002,0)),"Hayır")) | S9: =IF(OR(K9<>"Evet",N9=""),"",IF(N9="Montaj veya Nakliye",IF(OR(Q9="Evet",R9="Evet"),"Tutarlı","UYUŞMUYOR - E2E'de Tamamlanma Yok"),"N/A - Hemen Ödeme Yöntemi")) | T9: =IF(A9="","",SUMIF('Hakedis Fatura Detay'!$AH$3:$AH$1500,'DIVA Satislari'!AK9,'Hakedis Fatura Detay'!$AF$3:$AF$1500)) | U9: =IF(A9="","",I9-T9) | V9: =IF(A9="","",IF(K9<>"Evet","Henüz Faturalanmadı",IF(U9=0,"Doğru",IF(U9>0,"EKSİK ÖDENMİŞ","FAZLA ÖDENMİŞ")))) | W9: =IF(A9="","",IF(F9<>"Evet","İNCELEME GEREKLİ - Kampanya Tanımsız",IF(G9<>"Evet","İNCELEME GEREKLİ - Tarih Dışı Satış",IF(K9<>"Evet",IF(X9<>"","Bekleniyor - "&X9,"Bekleniyor - Henüz Faturalanmadı"),IF(P9="HAYIR - RİSK","İNCELEME GEREKLİ - Hakediş Süresi Aşıldı",IF(LEFT(S9,9)="UYUŞMUYOR","İNCELEME GEREKLİ - Nakliye/Montaj Tutarsızlığı",IF(OR(V9="EKSİK ÖDENMİŞ",V9="FAZLA ÖDENMİŞ"),"İNCELEME GEREKLİ - Tutar Uyuşmazlığı","Uygun"))))))) | X9: =IF(OR(A9="",K9<>"Hayır"),"",IF(AND('Hakedis Fatura Detay'!$AN$2<>"",'DIVA Satislari'!H9<'Hakedis Fatura Detay'!$AN$2),"DİKKAT - Eski Ay Hakediş Dosyası Yüklenmemiş Olabilir","")) | Y9: =IF(OR(W9="",W9="Uygun"),"",SUMPRODUCT(($W$3:W9<>"Uygun")*($W$3:W9<>"")*1))
A10: =IF('DIVA Satislari'!I10="","",'DIVA Satislari'!I10) | B10: =IF('DIVA Satislari'!I10="","",'DIVA Satislari'!R10) | C10: =IF('DIVA Satislari'!I10="","",'DIVA Satislari'!M10) | D10: =IF('DIVA Satislari'!I10="","",'DIVA Satislari'!H10) | E10: =IF('DIVA Satislari'!I10="","",'DIVA Satislari'!O10) | F10: =IF('DIVA Satislari'!I10="","",'DIVA Satislari'!AL10) | G10: =IF('DIVA Satislari'!I10="","",'DIVA Satislari'!AP10) | H10: =IF('DIVA Satislari'!I10="","",'DIVA Satislari'!AO10) | I10: =IF('DIVA Satislari'!I10="","",'DIVA Satislari'!AR10) | J10: =IF('DIVA Satislari'!I10="","",'DIVA Satislari'!AS10) | K10: =IF('DIVA Satislari'!I10="","",IF(ISNA(MATCH('DIVA Satislari'!AK10,'Hakedis Fatura Detay'!$AH$3:$AH$1500,0)),"Hayır - Henüz Faturalanmamış","Evet")) | L10: =IF(K10<>"Evet","",IFERROR(INDEX('Hakedis Fatura Detay'!$R$3:$R$1500,MATCH('DIVA Satislari'!AK10,'Hakedis Fatura Detay'!$AH$3:$AH$1500,0)),"")) | M10: =IF(K10<>"Evet","",IFERROR(INDEX('Hakedis Fatura Detay'!$AI$3:$AI$1500,MATCH('DIVA Satislari'!AK10,'Hakedis Fatura Detay'!$AH$3:$AH$1500,0)),"")) | N10: =IF(K10<>"Evet","",IFERROR(INDEX('Hakedis Fatura Detay'!$AB$3:$AB$1500,MATCH('DIVA Satislari'!AK10,'Hakedis Fatura Detay'!$AH$3:$AH$1500,0)),"")) | O10: =IF(K10<>"Evet","",IFERROR(INDEX('Hakedis Fatura Detay'!$AK$3:$AK$1500,MATCH('DIVA Satislari'!AK10,'Hakedis Fatura Detay'!$AH$3:$AH$1500,0)),"")) | P10: =IF(OR(K10<>"Evet",O10="",H10=""),"",IF(O10<=H10,"Evet","HAYIR - RİSK")) | Q10: =IF(A10="","",IFERROR(INDEX('E2E Nakliye Montaj'!$AT$3:$AT$1002,MATCH('DIVA Satislari'!AJ10,'E2E Nakliye Montaj'!$AM$3:$AM$1002,0)),"Hayır")) | R10: =IF(A10="","",IFERROR(INDEX('E2E Nakliye Montaj'!$AU$3:$AU$1002,MATCH('DIVA Satislari'!AJ10,'E2E Nakliye Montaj'!$AM$3:$AM$1002,0)),"Hayır")) | S10: =IF(OR(K10<>"Evet",N10=""),"",IF(N10="Montaj veya Nakliye",IF(OR(Q10="Evet",R10="Evet"),"Tutarlı","UYUŞMUYOR - E2E'de Tamamlanma Yok"),"N/A - Hemen Ödeme Yöntemi")) | T10: =IF(A10="","",SUMIF('Hakedis Fatura Detay'!$AH$3:$AH$1500,'DIVA Satislari'!AK10,'Hakedis Fatura Detay'!$AF$3:$AF$1500)) | U10: =IF(A10="","",I10-T10) | V10: =IF(A10="","",IF(K10<>"Evet","Henüz Faturalanmadı",IF(U10=0,"Doğru",IF(U10>0,"EKSİK ÖDENMİŞ","FAZLA ÖDENMİŞ")))) | W10: =IF(A10="","",IF(F10<>"Evet","İNCELEME GEREKLİ - Kampanya Tanımsız",IF(G10<>"Evet","İNCELEME GEREKLİ - Tarih Dışı Satış",IF(K10<>"Evet",IF(X10<>"","Bekleniyor - "&X10,"Bekleniyor - Henüz Faturalanmadı"),IF(P10="HAYIR - RİSK","İNCELEME GEREKLİ - Hakediş Süresi Aşıldı",IF(LEFT(S10,9)="UYUŞMUYOR","İNCELEME GEREKLİ - Nakliye/Montaj Tutarsızlığı",IF(OR(V10="EKSİK ÖDENMİŞ",V10="FAZLA ÖDENMİŞ"),"İNCELEME GEREKLİ - Tutar Uyuşmazlığı","Uygun"))))))) | X10: =IF(OR(A10="",K10<>"Hayır"),"",IF(AND('Hakedis Fatura Detay'!$AN$2<>"",'DIVA Satislari'!H10<'Hakedis Fatura Detay'!$AN$2),"DİKKAT - Eski Ay Hakediş Dosyası Yüklenmemiş Olabilir","")) | Y10: =IF(OR(W10="",W10="Uygun"),"",SUMPRODUCT(($W$3:W10<>"Uygun")*($W$3:W10<>"")*1))
A11: =IF('DIVA Satislari'!I11="","",'DIVA Satislari'!I11) | B11: =IF('DIVA Satislari'!I11="","",'DIVA Satislari'!R11) | C11: =IF('DIVA Satislari'!I11="","",'DIVA Satislari'!M11) | D11: =IF('DIVA Satislari'!I11="","",'DIVA Satislari'!H11) | E11: =IF('DIVA Satislari'!I11="","",'DIVA Satislari'!O11) | F11: =IF('DIVA Satislari'!I11="","",'DIVA Satislari'!AL11) | G11: =IF('DIVA Satislari'!I11="","",'DIVA Satislari'!AP11) | H11: =IF('DIVA Satislari'!I11="","",'DIVA Satislari'!AO11) | I11: =IF('DIVA Satislari'!I11="","",'DIVA Satislari'!AR11) | J11: =IF('DIVA Satislari'!I11="","",'DIVA Satislari'!AS11) | K11: =IF('DIVA Satislari'!I11="","",IF(ISNA(MATCH('DIVA Satislari'!AK11,'Hakedis Fatura Detay'!$AH$3:$AH$1500,0)),"Hayır - Henüz Faturalanmamış","Evet")) | L11: =IF(K11<>"Evet","",IFERROR(INDEX('Hakedis Fatura Detay'!$R$3:$R$1500,MATCH('DIVA Satislari'!AK11,'Hakedis Fatura Detay'!$AH$3:$AH$1500,0)),"")) | M11: =IF(K11<>"Evet","",IFERROR(INDEX('Hakedis Fatura Detay'!$AI$3:$AI$1500,MATCH('DIVA Satislari'!AK11,'Hakedis Fatura Detay'!$AH$3:$AH$1500,0)),"")) | N11: =IF(K11<>"Evet","",IFERROR(INDEX('Hakedis Fatura Detay'!$AB$3:$AB$1500,MATCH('DIVA Satislari'!AK11,'Hakedis Fatura Detay'!$AH$3:$AH$1500,0)),"")) | O11: =IF(K11<>"Evet","",IFERROR(INDEX('Hakedis Fatura Detay'!$AK$3:$AK$1500,MATCH('DIVA Satislari'!AK11,'Hakedis Fatura Detay'!$AH$3:$AH$1500,0)),"")) | P11: =IF(OR(K11<>"Evet",O11="",H11=""),"",IF(O11<=H11,"Evet","HAYIR - RİSK")) | Q11: =IF(A11="","",IFERROR(INDEX('E2E Nakliye Montaj'!$AT$3:$AT$1002,MATCH('DIVA Satislari'!AJ11,'E2E Nakliye Montaj'!$AM$3:$AM$1002,0)),"Hayır")) | R11: =IF(A11="","",IFERROR(INDEX('E2E Nakliye Montaj'!$AU$3:$AU$1002,MATCH('DIVA Satislari'!AJ11,'E2E Nakliye Montaj'!$AM$3:$AM$1002,0)),"Hayır")) | S11: =IF(OR(K11<>"Evet",N11=""),"",IF(N11="Montaj veya Nakliye",IF(OR(Q11="Evet",R11="Evet"),"Tutarlı","UYUŞMUYOR - E2E'de Tamamlanma Yok"),"N/A - Hemen Ödeme Yöntemi")) | T11: =IF(A11="","",SUMIF('Hakedis Fatura Detay'!$AH$3:$AH$1500,'DIVA Satislari'!AK11,'Hakedis Fatura Detay'!$AF$3:$AF$1500)) | U11: =IF(A11="","",I11-T11) | V11: =IF(A11="","",IF(K11<>"Evet","Henüz Faturalanmadı",IF(U11=0,"Doğru",IF(U11>0,"EKSİK ÖDENMİŞ","FAZLA ÖDENMİŞ")))) | W11: =IF(A11="","",IF(F11<>"Evet","İNCELEME GEREKLİ - Kampanya Tanımsız",IF(G11<>"Evet","İNCELEME GEREKLİ - Tarih Dışı Satış",IF(K11<>"Evet",IF(X11<>"","Bekleniyor - "&X11,"Bekleniyor - Henüz Faturalanmadı"),IF(P11="HAYIR - RİSK","İNCELEME GEREKLİ - Hakediş Süresi Aşıldı",IF(LEFT(S11,9)="UYUŞMUYOR","İNCELEME GEREKLİ - Nakliye/Montaj Tutarsızlığı",IF(OR(V11="EKSİK ÖDENMİŞ",V11="FAZLA ÖDENMİŞ"),"İNCELEME GEREKLİ - Tutar Uyuşmazlığı","Uygun"))))))) | X11: =IF(OR(A11="",K11<>"Hayır"),"",IF(AND('Hakedis Fatura Detay'!$AN$2<>"",'DIVA Satislari'!H11<'Hakedis Fatura Detay'!$AN$2),"DİKKAT - Eski Ay Hakediş Dosyası Yüklenmemiş Olabilir","")) | Y11: =IF(OR(W11="",W11="Uygun"),"",SUMPRODUCT(($W$3:W11<>"Uygun")*($W$3:W11<>"")*1))
A12: =IF('DIVA Satislari'!I12="","",'DIVA Satislari'!I12) | B12: =IF('DIVA Satislari'!I12="","",'DIVA Satislari'!R12) | C12: =IF('DIVA Satislari'!I12="","",'DIVA Satislari'!M12) | D12: =IF('DIVA Satislari'!I12="","",'DIVA Satislari'!H12) | E12: =IF('DIVA Satislari'!I12="","",'DIVA Satislari'!O12) | F12: =IF('DIVA Satislari'!I12="","",'DIVA Satislari'!AL12) | G12: =IF('DIVA Satislari'!I12="","",'DIVA Satislari'!AP12) | H12: =IF('DIVA Satislari'!I12="","",'DIVA Satislari'!AO12) | I12: =IF('DIVA Satislari'!I12="","",'DIVA Satislari'!AR12) | J12: =IF('DIVA Satislari'!I12="","",'DIVA Satislari'!AS12) | K12: =IF('DIVA Satislari'!I12="","",IF(ISNA(MATCH('DIVA Satislari'!AK12,'Hakedis Fatura Detay'!$AH$3:$AH$1500,0)),"Hayır - Henüz Faturalanmamış","Evet")) | L12: =IF(K12<>"Evet","",IFERROR(INDEX('Hakedis Fatura Detay'!$R$3:$R$1500,MATCH('DIVA Satislari'!AK12,'Hakedis Fatura Detay'!$AH$3:$AH$1500,0)),"")) | M12: =IF(K12<>"Evet","",IFERROR(INDEX('Hakedis Fatura Detay'!$AI$3:$AI$1500,MATCH('DIVA Satislari'!AK12,'Hakedis Fatura Detay'!$AH$3:$AH$1500,0)),"")) | N12: =IF(K12<>"Evet","",IFERROR(INDEX('Hakedis Fatura Detay'!$AB$3:$AB$1500,MATCH('DIVA Satislari'!AK12,'Hakedis Fatura Detay'!$AH$3:$AH$1500,0)),"")) | O12: =IF(K12<>"Evet","",IFERROR(INDEX('Hakedis Fatura Detay'!$AK$3:$AK$1500,MATCH('DIVA Satislari'!AK12,'Hakedis Fatura Detay'!$AH$3:$AH$1500,0)),"")) | P12: =IF(OR(K12<>"Evet",O12="",H12=""),"",IF(O12<=H12,"Evet","HAYIR - RİSK")) | Q12: =IF(A12="","",IFERROR(INDEX('E2E Nakliye Montaj'!$AT$3:$AT$1002,MATCH('DIVA Satislari'!AJ12,'E2E Nakliye Montaj'!$AM$3:$AM$1002,0)),"Hayır")) | R12: =IF(A12="","",IFERROR(INDEX('E2E Nakliye Montaj'!$AU$3:$AU$1002,MATCH('DIVA Satislari'!AJ12,'E2E Nakliye Montaj'!$AM$3:$AM$1002,0)),"Hayır")) | S12: =IF(OR(K12<>"Evet",N12=""),"",IF(N12="Montaj veya Nakliye",IF(OR(Q12="Evet",R12="Evet"),"Tutarlı","UYUŞMUYOR - E2E'de Tamamlanma Yok"),"N/A - Hemen Ödeme Yöntemi")) | T12: =IF(A12="","",SUMIF('Hakedis Fatura Detay'!$AH$3:$AH$1500,'DIVA Satislari'!AK12,'Hakedis Fatura Detay'!$AF$3:$AF$1500)) | U12: =IF(A12="","",I12-T12) | V12: =IF(A12="","",IF(K12<>"Evet","Henüz Faturalanmadı",IF(U12=0,"Doğru",IF(U12>0,"EKSİK ÖDENMİŞ","FAZLA ÖDENMİŞ")))) | W12: =IF(A12="","",IF(F12<>"Evet","İNCELEME GEREKLİ - Kampanya Tanımsız",IF(G12<>"Evet","İNCELEME GEREKLİ - Tarih Dışı Satış",IF(K12<>"Evet",IF(X12<>"","Bekleniyor - "&X12,"Bekleniyor - Henüz Faturalanmadı"),IF(P12="HAYIR - RİSK","İNCELEME GEREKLİ - Hakediş Süresi Aşıldı",IF(LEFT(S12,9)="UYUŞMUYOR","İNCELEME GEREKLİ - Nakliye/Montaj Tutarsızlığı",IF(OR(V12="EKSİK ÖDENMİŞ",V12="FAZLA ÖDENMİŞ"),"İNCELEME GEREKLİ - Tutar Uyuşmazlığı","Uygun"))))))) | X12: =IF(OR(A12="",K12<>"Hayır"),"",IF(AND('Hakedis Fatura Detay'!$AN$2<>"",'DIVA Satislari'!H12<'Hakedis Fatura Detay'!$AN$2),"DİKKAT - Eski Ay Hakediş Dosyası Yüklenmemiş Olabilir","")) | Y12: =IF(OR(W12="",W12="Uygun"),"",SUMPRODUCT(($W$3:W12<>"Uygun")*($W$3:W12<>"")*1))
A13: =IF('DIVA Satislari'!I13="","",'DIVA Satislari'!I13) | B13: =IF('DIVA Satislari'!I13="","",'DIVA Satislari'!R13) | C13: =IF('DIVA Satislari'!I13="","",'DIVA Satislari'!M13) | D13: =IF('DIVA Satislari'!I13="","",'DIVA Satislari'!H13) | E13: =IF('DIVA Satislari'!I13="","",'DIVA Satislari'!O13) | F13: =IF('DIVA Satislari'!I13="","",'DIVA Satislari'!AL13) | G13: =IF('DIVA Satislari'!I13="","",'DIVA Satislari'!AP13) | H13: =IF('DIVA Satislari'!I13="","",'DIVA Satislari'!AO13) | I13: =IF('DIVA Satislari'!I13="","",'DIVA Satislari'!AR13) | J13: =IF('DIVA Satislari'!I13="","",'DIVA Satislari'!AS13) | K13: =IF('DIVA Satislari'!I13="","",IF(ISNA(MATCH('DIVA Satislari'!AK13,'Hakedis Fatura Detay'!$AH$3:$AH$1500,0)),"Hayır - Henüz Faturalanmamış","Evet")) | L13: =IF(K13<>"Evet","",IFERROR(INDEX('Hakedis Fatura Detay'!$R$3:$R$1500,MATCH('DIVA Satislari'!AK13,'Hakedis Fatura Detay'!$AH$3:$AH$1500,0)),"")) | M13: =IF(K13<>"Evet","",IFERROR(INDEX('Hakedis Fatura Detay'!$AI$3:$AI$1500,MATCH('DIVA Satislari'!AK13,'Hakedis Fatura Detay'!$AH$3:$AH$1500,0)),"")) | N13: =IF(K13<>"Evet","",IFERROR(INDEX('Hakedis Fatura Detay'!$AB$3:$AB$1500,MATCH('DIVA Satislari'!AK13,'Hakedis Fatura Detay'!$AH$3:$AH$1500,0)),"")) | O13: =IF(K13<>"Evet","",IFERROR(INDEX('Hakedis Fatura Detay'!$AK$3:$AK$1500,MATCH('DIVA Satislari'!AK13,'Hakedis Fatura Detay'!$AH$3:$AH$1500,0)),"")) | P13: =IF(OR(K13<>"Evet",O13="",H13=""),"",IF(O13<=H13,"Evet","HAYIR - RİSK")) | Q13: =IF(A13="","",IFERROR(INDEX('E2E Nakliye Montaj'!$AT$3:$AT$1002,MATCH('DIVA Satislari'!AJ13,'E2E Nakliye Montaj'!$AM$3:$AM$1002,0)),"Hayır")) | R13: =IF(A13="","",IFERROR(INDEX('E2E Nakliye Montaj'!$AU$3:$AU$1002,MATCH('DIVA Satislari'!AJ13,'E2E Nakliye Montaj'!$AM$3:$AM$1002,0)),"Hayır")) | S13: =IF(OR(K13<>"Evet",N13=""),"",IF(N13="Montaj veya Nakliye",IF(OR(Q13="Evet",R13="Evet"),"Tutarlı","UYUŞMUYOR - E2E'de Tamamlanma Yok"),"N/A - Hemen Ödeme Yöntemi")) | T13: =IF(A13="","",SUMIF('Hakedis Fatura Detay'!$AH$3:$AH$1500,'DIVA Satislari'!AK13,'Hakedis Fatura Detay'!$AF$3:$AF$1500)) | U13: =IF(A13="","",I13-T13) | V13: =IF(A13="","",IF(K13<>"Evet","Henüz Faturalanmadı",IF(U13=0,"Doğru",IF(U13>0,"EKSİK ÖDENMİŞ","FAZLA ÖDENMİŞ")))) | W13: =IF(A13="","",IF(F13<>"Evet","İNCELEME GEREKLİ - Kampanya Tanımsız",IF(G13<>"Evet","İNCELEME GEREKLİ - Tarih Dışı Satış",IF(K13<>"Evet",IF(X13<>"","Bekleniyor - "&X13,"Bekleniyor - Henüz Faturalanmadı"),IF(P13="HAYIR - RİSK","İNCELEME GEREKLİ - Hakediş Süresi Aşıldı",IF(LEFT(S13,9)="UYUŞMUYOR","İNCELEME GEREKLİ - Nakliye/Montaj Tutarsızlığı",IF(OR(V13="EKSİK ÖDENMİŞ",V13="FAZLA ÖDENMİŞ"),"İNCELEME GEREKLİ - Tutar Uyuşmazlığı","Uygun"))))))) | X13: =IF(OR(A13="",K13<>"Hayır"),"",IF(AND('Hakedis Fatura Detay'!$AN$2<>"",'DIVA Satislari'!H13<'Hakedis Fatura Detay'!$AN$2),"DİKKAT - Eski Ay Hakediş Dosyası Yüklenmemiş Olabilir","")) | Y13: =IF(OR(W13="",W13="Uygun"),"",SUMPRODUCT(($W$3:W13<>"Uygun")*($W$3:W13<>"")*1))
A14: =IF('DIVA Satislari'!I14="","",'DIVA Satislari'!I14) | B14: =IF('DIVA Satislari'!I14="","",'DIVA Satislari'!R14) | C14: =IF('DIVA Satislari'!I14="","",'DIVA Satislari'!M14) | D14: =IF('DIVA Satislari'!I14="","",'DIVA Satislari'!H14) | E14: =IF('DIVA Satislari'!I14="","",'DIVA Satislari'!O14) | F14: =IF('DIVA Satislari'!I14="","",'DIVA Satislari'!AL14) | G14: =IF('DIVA Satislari'!I14="","",'DIVA Satislari'!AP14) | H14: =IF('DIVA Satislari'!I14="","",'DIVA Satislari'!AO14) | I14: =IF('DIVA Satislari'!I14="","",'DIVA Satislari'!AR14) | J14: =IF('DIVA Satislari'!I14="","",'DIVA Satislari'!AS14) | K14: =IF('DIVA Satislari'!I14="","",IF(ISNA(MATCH('DIVA Satislari'!AK14,'Hakedis Fatura Detay'!$AH$3:$AH$1500,0)),"Hayır - Henüz Faturalanmamış","Evet")) | L14: =IF(K14<>"Evet","",IFERROR(INDEX('Hakedis Fatura Detay'!$R$3:$R$1500,MATCH('DIVA Satislari'!AK14,'Hakedis Fatura Detay'!$AH$3:$AH$1500,0)),"")) | M14: =IF(K14<>"Evet","",IFERROR(INDEX('Hakedis Fatura Detay'!$AI$3:$AI$1500,MATCH('DIVA Satislari'!AK14,'Hakedis Fatura Detay'!$AH$3:$AH$1500,0)),"")) | N14: =IF(K14<>"Evet","",IFERROR(INDEX('Hakedis Fatura Detay'!$AB$3:$AB$1500,MATCH('DIVA Satislari'!AK14,'Hakedis Fatura Detay'!$AH$3:$AH$1500,0)),"")) | O14: =IF(K14<>"Evet","",IFERROR(INDEX('Hakedis Fatura Detay'!$AK$3:$AK$1500,MATCH('DIVA Satislari'!AK14,'Hakedis Fatura Detay'!$AH$3:$AH$1500,0)),"")) | P14: =IF(OR(K14<>"Evet",O14="",H14=""),"",IF(O14<=H14,"Evet","HAYIR - RİSK")) | Q14: =IF(A14="","",IFERROR(INDEX('E2E Nakliye Montaj'!$AT$3:$AT$1002,MATCH('DIVA Satislari'!AJ14,'E2E Nakliye Montaj'!$AM$3:$AM$1002,0)),"Hayır")) | R14: =IF(A14="","",IFERROR(INDEX('E2E Nakliye Montaj'!$AU$3:$AU$1002,MATCH('DIVA Satislari'!AJ14,'E2E Nakliye Montaj'!$AM$3:$AM$1002,0)),"Hayır")) | S14: =IF(OR(K14<>"Evet",N14=""),"",IF(N14="Montaj veya Nakliye",IF(OR(Q14="Evet",R14="Evet"),"Tutarlı","UYUŞMUYOR - E2E'de Tamamlanma Yok"),"N/A - Hemen Ödeme Yöntemi")) | T14: =IF(A14="","",SUMIF('Hakedis Fatura Detay'!$AH$3:$AH$1500,'DIVA Satislari'!AK14,'Hakedis Fatura Detay'!$AF$3:$AF$1500)) | U14: =IF(A14="","",I14-T14) | V14: =IF(A14="","",IF(K14<>"Evet","Henüz Faturalanmadı",IF(U14=0,"Doğru",IF(U14>0,"EKSİK ÖDENMİŞ","FAZLA ÖDENMİŞ")))) | W14: =IF(A14="","",IF(F14<>"Evet","İNCELEME GEREKLİ - Kampanya Tanımsız",IF(G14<>"Evet","İNCELEME GEREKLİ - Tarih Dışı Satış",IF(K14<>"Evet",IF(X14<>"","Bekleniyor - "&X14,"Bekleniyor - Henüz Faturalanmadı"),IF(P14="HAYIR - RİSK","İNCELEME GEREKLİ - Hakediş Süresi Aşıldı",IF(LEFT(S14,9)="UYUŞMUYOR","İNCELEME GEREKLİ - Nakliye/Montaj Tutarsızlığı",IF(OR(V14="EKSİK ÖDENMİŞ",V14="FAZLA ÖDENMİŞ"),"İNCELEME GEREKLİ - Tutar Uyuşmazlığı","Uygun"))))))) | X14: =IF(OR(A14="",K14<>"Hayır"),"",IF(AND('Hakedis Fatura Detay'!$AN$2<>"",'DIVA Satislari'!H14<'Hakedis Fatura Detay'!$AN$2),"DİKKAT - Eski Ay Hakediş Dosyası Yüklenmemiş Olabilir","")) | Y14: =IF(OR(W14="",W14="Uygun"),"",SUMPRODUCT(($W$3:W14<>"Uygun")*($W$3:W14<>"")*1))
... A1002: =IF('DIVA Satislari'!I1002="","",'DIVA Satislari'!I1002) | B1002: =IF('DIVA Satislari'!I1002="","",'DIVA Satislari'!R1002) | C1002: =IF('DIVA Satislari'!I1002="","",'DIVA Satislari'!M1002) | D1002: =IF('DIVA Satislari'!I1002="","",'DIVA Satislari'!H1002) | E1002: =IF('DIVA Satislari'!I1002="","",'DIVA Satislari'!O1002) | F1002: =IF('DIVA Satislari'!I1002="","",'DIVA Satislari'!AL1002) | G1002: =IF('DIVA Satislari'!I1002="","",'DIVA Satislari'!AP1002) | H1002: =IF('DIVA Satislari'!I1002="","",'DIVA Satislari'!AO1002) | I1002: =IF('DIVA Satislari'!I1002="","",'DIVA Satislari'!AR1002) | J1002: =IF('DIVA Satislari'!I1002="","",'DIVA Satislari'!AS1002) | K1002: =IF('DIVA Satislari'!I1002="","",IF(ISNA(MATCH('DIVA Satislari'!AK1002,'Hakedis Fatura Detay'!$AH$3:$AH$1500,0)),"Hayır - Henüz Faturalanmamış","Evet")) | L1002: =IF(K1002<>"Evet","",IFERROR(INDEX('Hakedis Fatura Detay'!$R$3:$R$1500,MATCH('DIVA Satislari'!AK1002,'Hakedis Fatura Detay'!$AH$3:$AH$1500,0)),"")) | M1002: =IF(K1002<>"Evet","",IFERROR(INDEX('Hakedis Fatura Detay'!$AI$3:$AI$1500,MATCH('DIVA Satislari'!AK1002,'Hakedis Fatura Detay'!$AH$3:$AH$1500,0)),"")) | N1002: =IF(K1002<>"Evet","",IFERROR(INDEX('Hakedis Fatura Detay'!$AB$3:$AB$1500,MATCH('DIVA Satislari'!AK1002,'Hakedis Fatura Detay'!$AH$3:$AH$1500,0)),"")) | O1002: =IF(K1002<>"Evet","",IFERROR(INDEX('Hakedis Fatura Detay'!$AK$3:$AK$1500,MATCH('DIVA Satislari'!AK1002,'Hakedis Fatura Detay'!$AH$3:$AH$1500,0)),"")) | P1002: =IF(OR(K1002<>"Evet",O1002="",H1002=""),"",IF(O1002<=H1002,"Evet","HAYIR - RİSK")) | Q1002: =IF(A1002="","",IFERROR(INDEX('E2E Nakliye Montaj'!$AT$3:$AT$1002,MATCH('DIVA Satislari'!AJ1002,'E2E Nakliye Montaj'!$AM$3:$AM$1002,0)),"Hayır")) | R1002: =IF(A1002="","",IFERROR(INDEX('E2E Nakliye Montaj'!$AU$3:$AU$1002,MATCH('DIVA Satislari'!AJ1002,'E2E Nakliye Montaj'!$AM$3:$AM$1002,0)),"Hayır")) | S1002: =IF(OR(K1002<>"Evet",N1002=""),"",IF(N1002="Montaj veya Nakliye",IF(OR(Q1002="Evet",R1002="Evet"),"Tutarlı","UYUŞMUYOR - E2E'de Tamamlanma Yok"),"N/A - Hemen Ödeme Yöntemi")) | T1002: =IF(A1002="","",SUMIF('Hakedis Fatura Detay'!$AH$3:$AH$1500,'DIVA Satislari'!AK1002,'Hakedis Fatura Detay'!$AF$3:$AF$1500)) | U1002: =IF(A1002="","",I1002-T1002) | V1002: =IF(A1002="","",IF(K1002<>"Evet","Henüz Faturalanmadı",IF(U1002=0,"Doğru",IF(U1002>0,"EKSİK ÖDENMİŞ","FAZLA ÖDENMİŞ")))) | W1002: =IF(A1002="","",IF(F1002<>"Evet","İNCELEME GEREKLİ - Kampanya Tanımsız",IF(G1002<>"Evet","İNCELEME GEREKLİ - Tarih Dışı Satış",IF(K1002<>"Evet",IF(X1002<>"","Bekleniyor - "&X1002,"Bekleniyor - Henüz Faturalanmadı"),IF(P1002="HAYIR - RİSK","İNCELEME GEREKLİ - Hakediş Süresi Aşıldı",IF(LEFT(S1002,9)="UYUŞMUYOR","İNCELEME GEREKLİ - Nakliye/Montaj Tutarsızlığı",IF(OR(V1002="EKSİK ÖDENMİŞ",V1002="FAZLA ÖDENMİŞ"),"İNCELEME GEREKLİ - Tutar Uyuşmazlığı","Uygun"))))))) | X1002: =IF(OR(A1002="",K1002<>"Hayır"),"",IF(AND('Hakedis Fatura Detay'!$AN$2<>"",'DIVA Satislari'!H1002<'Hakedis Fatura Detay'!$AN$2),"DİKKAT - Eski Ay Hakediş Dosyası Yüklenmemiş Olabilir","")) | Y1002: =IF(OR(W1002="",W1002="Uygun"),"",SUMPRODUCT(($W$3:W1002<>"Uygun")*($W$3:W1002<>"")*1))

Sheet Sorun Raporu
A1: Sıra | B1: Fatura No | C1: Ürün Kodu | D1: Ad Soyad | E1: Fatura Tarihi | F1: Paket Adı (Kampanya) | G1: Beklenen Hakediş Tutarı | H1: Hakediş Faturasında Bulundu mu | I1: Faturada Bulunan Tutar | J1: Tutar Farkı | K1: SORUN / DURUM | M1: Bu liste, 'Kontrol' sekmesinde GENEL DURUM sütunu 'Uygun' OLMAYAN (henüz faturalanmamış, kampanya/tarih dışı, süresi aşmış, tutar uyuşmazlığı veya nakliye-montaj tutarsızlığı olan) tüm satırları otomatik listeler. Kaynak veriler güncellendikçe bu sayfa da otomatik güncellenir.
A3: 1 | B3: =IFERROR(INDEX(Kontrol!$A$3:$A$1002,MATCH(A3,Kontrol!$Y$3:$Y$1002,0)),"") | C3: =IFERROR(INDEX(Kontrol!$B$3:$B$1002,MATCH(A3,Kontrol!$Y$3:$Y$1002,0)),"") | D3: =IFERROR(INDEX(Kontrol!$C$3:$C$1002,MATCH(A3,Kontrol!$Y$3:$Y$1002,0)),"") | E3: =IFERROR(INDEX(Kontrol!$D$3:$D$1002,MATCH(A3,Kontrol!$Y$3:$Y$1002,0)),"") | F3: =IFERROR(INDEX(Kontrol!$E$3:$E$1002,MATCH(A3,Kontrol!$Y$3:$Y$1002,0)),"") | G3: =IFERROR(INDEX(Kontrol!$I$3:$I$1002,MATCH(A3,Kontrol!$Y$3:$Y$1002,0)),"") | H3: =IFERROR(INDEX(Kontrol!$K$3:$K$1002,MATCH(A3,Kontrol!$Y$3:$Y$1002,0)),"") | I3: =IFERROR(INDEX(Kontrol!$T$3:$T$1002,MATCH(A3,Kontrol!$Y$3:$Y$1002,0)),"") | J3: =IFERROR(INDEX(Kontrol!$U$3:$U$1002,MATCH(A3,Kontrol!$Y$3:$Y$1002,0)),"") | K3: =IFERROR(INDEX(Kontrol!$W$3:$W$1002,MATCH(A3,Kontrol!$Y$3:$Y$1002,0)),"")
A4: 2 | B4: =IFERROR(INDEX(Kontrol!$A$3:$A$1002,MATCH(A4,Kontrol!$Y$3:$Y$1002,0)),"") | C4: =IFERROR(INDEX(Kontrol!$B$3:$B$1002,MATCH(A4,Kontrol!$Y$3:$Y$1002,0)),"") | D4: =IFERROR(INDEX(Kontrol!$C$3:$C$1002,MATCH(A4,Kontrol!$Y$3:$Y$1002,0)),"") | E4: =IFERROR(INDEX(Kontrol!$D$3:$D$1002,MATCH(A4,Kontrol!$Y$3:$Y$1002,0)),"") | F4: =IFERROR(INDEX(Kontrol!$E$3:$E$1002,MATCH(A4,Kontrol!$Y$3:$Y$1002,0)),"") | G4: =IFERROR(INDEX(Kontrol!$I$3:$I$1002,MATCH(A4,Kontrol!$Y$3:$Y$1002,0)),"") | H4: =IFERROR(INDEX(Kontrol!$K$3:$K$1002,MATCH(A4,Kontrol!$Y$3:$Y$1002,0)),"") | I4: =IFERROR(INDEX(Kontrol!$T$3:$T$1002,MATCH(A4,Kontrol!$Y$3:$Y$1002,0)),"") | J4: =IFERROR(INDEX(Kontrol!$U$3:$U$1002,MATCH(A4,Kontrol!$Y$3:$Y$1002,0)),"") | K4: =IFERROR(INDEX(Kontrol!$W$3:$W$1002,MATCH(A4,Kontrol!$Y$3:$Y$1002,0)),"")
A5: 3 | B5: =IFERROR(INDEX(Kontrol!$A$3:$A$1002,MATCH(A5,Kontrol!$Y$3:$Y$1002,0)),"") | C5: =IFERROR(INDEX(Kontrol!$B$3:$B$1002,MATCH(A5,Kontrol!$Y$3:$Y$1002,0)),"") | D5: =IFERROR(INDEX(Kontrol!$C$3:$C$1002,MATCH(A5,Kontrol!$Y$3:$Y$1002,0)),"") | E5: =IFERROR(INDEX(Kontrol!$D$3:$D$1002,MATCH(A5,Kontrol!$Y$3:$Y$1002,0)),"") | F5: =IFERROR(INDEX(Kontrol!$E$3:$E$1002,MATCH(A5,Kontrol!$Y$3:$Y$1002,0)),"") | G5: =IFERROR(INDEX(Kontrol!$I$3:$I$1002,MATCH(A5,Kontrol!$Y$3:$Y$1002,0)),"") | H5: =IFERROR(INDEX(Kontrol!$K$3:$K$1002,MATCH(A5,Kontrol!$Y$3:$Y$1002,0)),"") | I5: =IFERROR(INDEX(Kontrol!$T$3:$T$1002,MATCH(A5,Kontrol!$Y$3:$Y$1002,0)),"") | J5: =IFERROR(INDEX(Kontrol!$U$3:$U$1002,MATCH(A5,Kontrol!$Y$3:$Y$1002,0)),"") | K5: =IFERROR(INDEX(Kontrol!$W$3:$W$1002,MATCH(A5,Kontrol!$Y$3:$Y$1002,0)),"")
A6: 4 | B6: =IFERROR(INDEX(Kontrol!$A$3:$A$1002,MATCH(A6,Kontrol!$Y$3:$Y$1002,0)),"") | C6: =IFERROR(INDEX(Kontrol!$B$3:$B$1002,MATCH(A6,Kontrol!$Y$3:$Y$1002,0)),"") | D6: =IFERROR(INDEX(Kontrol!$C$3:$C$1002,MATCH(A6,Kontrol!$Y$3:$Y$1002,0)),"") | E6: =IFERROR(INDEX(Kontrol!$D$3:$D$1002,MATCH(A6,Kontrol!$Y$3:$Y$1002,0)),"") | F6: =IFERROR(INDEX(Kontrol!$E$3:$E$1002,MATCH(A6,Kontrol!$Y$3:$Y$1002,0)),"") | G6: =IFERROR(INDEX(Kontrol!$I$3:$I$1002,MATCH(A6,Kontrol!$Y$3:$Y$1002,0)),"") | H6: =IFERROR(INDEX(Kontrol!$K$3:$K$1002,MATCH(A6,Kontrol!$Y$3:$Y$1002,0)),"") | I6: =IFERROR(INDEX(Kontrol!$T$3:$T$1002,MATCH(A6,Kontrol!$Y$3:$Y$1002,0)),"") | J6: =IFERROR(INDEX(Kontrol!$U$3:$U$1002,MATCH(A6,Kontrol!$Y$3:$Y$1002,0)),"") | K6: =IFERROR(INDEX(Kontrol!$W$3:$W$1002,MATCH(A6,Kontrol!$Y$3:$Y$1002,0)),"")
A7: 5 | B7: =IFERROR(INDEX(Kontrol!$A$3:$A$1002,MATCH(A7,Kontrol!$Y$3:$Y$1002,0)),"") | C7: =IFERROR(INDEX(Kontrol!$B$3:$B$1002,MATCH(A7,Kontrol!$Y$3:$Y$1002,0)),"") | D7: =IFERROR(INDEX(Kontrol!$C$3:$C$1002,MATCH(A7,Kontrol!$Y$3:$Y$1002,0)),"") | E7: =IFERROR(INDEX(Kontrol!$D$3:$D$1002,MATCH(A7,Kontrol!$Y$3:$Y$1002,0)),"") | F7: =IFERROR(INDEX(Kontrol!$E$3:$E$1002,MATCH(A7,Kontrol!$Y$3:$Y$1002,0)),"") | G7: =IFERROR(INDEX(Kontrol!$I$3:$I$1002,MATCH(A7,Kontrol!$Y$3:$Y$1002,0)),"") | H7: =IFERROR(INDEX(Kontrol!$K$3:$K$1002,MATCH(A7,Kontrol!$Y$3:$Y$1002,0)),"") | I7: =IFERROR(INDEX(Kontrol!$T$3:$T$1002,MATCH(A7,Kontrol!$Y$3:$Y$1002,0)),"") | J7: =IFERROR(INDEX(Kontrol!$U$3:$U$1002,MATCH(A7,Kontrol!$Y$3:$Y$1002,0)),"") | K7: =IFERROR(INDEX(Kontrol!$W$3:$W$1002,MATCH(A7,Kontrol!$Y$3:$Y$1002,0)),"")
A8: 6 | B8: =IFERROR(INDEX(Kontrol!$A$3:$A$1002,MATCH(A8,Kontrol!$Y$3:$Y$1002,0)),"") | C8: =IFERROR(INDEX(Kontrol!$B$3:$B$1002,MATCH(A8,Kontrol!$Y$3:$Y$1002,0)),"") | D8: =IFERROR(INDEX(Kontrol!$C$3:$C$1002,MATCH(A8,Kontrol!$Y$3:$Y$1002,0)),"") | E8: =IFERROR(INDEX(Kontrol!$D$3:$D$1002,MATCH(A8,Kontrol!$Y$3:$Y$1002,0)),"") | F8: =IFERROR(INDEX(Kontrol!$E$3:$E$1002,MATCH(A8,Kontrol!$Y$3:$Y$1002,0)),"") | G8: =IFERROR(INDEX(Kontrol!$I$3:$I$1002,MATCH(A8,Kontrol!$Y$3:$Y$1002,0)),"") | H8: =IFERROR(INDEX(Kontrol!$K$3:$K$1002,MATCH(A8,Kontrol!$Y$3:$Y$1002,0)),"") | I8: =IFERROR(INDEX(Kontrol!$T$3:$T$1002,MATCH(A8,Kontrol!$Y$3:$Y$1002,0)),"") | J8: =IFERROR(INDEX(Kontrol!$U$3:$U$1002,MATCH(A8,Kontrol!$Y$3:$Y$1002,0)),"") | K8: =IFERROR(INDEX(Kontrol!$W$3:$W$1002,MATCH(A8,Kontrol!$Y$3:$Y$1002,0)),"")
A9: 7 | B9: =IFERROR(INDEX(Kontrol!$A$3:$A$1002,MATCH(A9,Kontrol!$Y$3:$Y$1002,0)),"") | C9: =IFERROR(INDEX(Kontrol!$B$3:$B$1002,MATCH(A9,Kontrol!$Y$3:$Y$1002,0)),"") | D9: =IFERROR(INDEX(Kontrol!$C$3:$C$1002,MATCH(A9,Kontrol!$Y$3:$Y$1002,0)),"") | E9: =IFERROR(INDEX(Kontrol!$D$3:$D$1002,MATCH(A9,Kontrol!$Y$3:$Y$1002,0)),"") | F9: =IFERROR(INDEX(Kontrol!$E$3:$E$1002,MATCH(A9,Kontrol!$Y$3:$Y$1002,0)),"") | G9: =IFERROR(INDEX(Kontrol!$I$3:$I$1002,MATCH(A9,Kontrol!$Y$3:$Y$1002,0)),"") | H9: =IFERROR(INDEX(Kontrol!$K$3:$K$1002,MATCH(A9,Kontrol!$Y$3:$Y$1002,0)),"") | I9: =IFERROR(INDEX(Kontrol!$T$3:$T$1002,MATCH(A9,Kontrol!$Y$3:$Y$1002,0)),"") | J9: =IFERROR(INDEX(Kontrol!$U$3:$U$1002,MATCH(A9,Kontrol!$Y$3:$Y$1002,0)),"") | K9: =IFERROR(INDEX(Kontrol!$W$3:$W$1002,MATCH(A9,Kontrol!$Y$3:$Y$1002,0)),"")
A10: 8 | B10: =IFERROR(INDEX(Kontrol!$A$3:$A$1002,MATCH(A10,Kontrol!$Y$3:$Y$1002,0)),"") | C10: =IFERROR(INDEX(Kontrol!$B$3:$B$1002,MATCH(A10,Kontrol!$Y$3:$Y$1002,0)),"") | D10: =IFERROR(INDEX(Kontrol!$C$3:$C$1002,MATCH(A10,Kontrol!$Y$3:$Y$1002,0)),"") | E10: =IFERROR(INDEX(Kontrol!$D$3:$D$1002,MATCH(A10,Kontrol!$Y$3:$Y$1002,0)),"") | F10: =IFERROR(INDEX(Kontrol!$E$3:$E$1002,MATCH(A10,Kontrol!$Y$3:$Y$1002,0)),"") | G10: =IFERROR(INDEX(Kontrol!$I$3:$I$1002,MATCH(A10,Kontrol!$Y$3:$Y$1002,0)),"") | H10: =IFERROR(INDEX(Kontrol!$K$3:$K$1002,MATCH(A10,Kontrol!$Y$3:$Y$1002,0)),"") | I10: =IFERROR(INDEX(Kontrol!$T$3:$T$1002,MATCH(A10,Kontrol!$Y$3:$Y$1002,0)),"") | J10: =IFERROR(INDEX(Kontrol!$U$3:$U$1002,MATCH(A10,Kontrol!$Y$3:$Y$1002,0)),"") | K10: =IFERROR(INDEX(Kontrol!$W$3:$W$1002,MATCH(A10,Kontrol!$Y$3:$Y$1002,0)),"")
A11: 9 | B11: =IFERROR(INDEX(Kontrol!$A$3:$A$1002,MATCH(A11,Kontrol!$Y$3:$Y$1002,0)),"") | C11: =IFERROR(INDEX(Kontrol!$B$3:$B$1002,MATCH(A11,Kontrol!$Y$3:$Y$1002,0)),"") | D11: =IFERROR(INDEX(Kontrol!$C$3:$C$1002,MATCH(A11,Kontrol!$Y$3:$Y$1002,0)),"") | E11: =IFERROR(INDEX(Kontrol!$D$3:$D$1002,MATCH(A11,Kontrol!$Y$3:$Y$1002,0)),"") | F11: =IFERROR(INDEX(Kontrol!$E$3:$E$1002,MATCH(A11,Kontrol!$Y$3:$Y$1002,0)),"") | G11: =IFERROR(INDEX(Kontrol!$I$3:$I$1002,MATCH(A11,Kontrol!$Y$3:$Y$1002,0)),"") | H11: =IFERROR(INDEX(Kontrol!$K$3:$K$1002,MATCH(A11,Kontrol!$Y$3:$Y$1002,0)),"") | I11: =IFERROR(INDEX(Kontrol!$T$3:$T$1002,MATCH(A11,Kontrol!$Y$3:$Y$1002,0)),"") | J11: =IFERROR(INDEX(Kontrol!$U$3:$U$1002,MATCH(A11,Kontrol!$Y$3:$Y$1002,0)),"") | K11: =IFERROR(INDEX(Kontrol!$W$3:$W$1002,MATCH(A11,Kontrol!$Y$3:$Y$1002,0)),"")
A12: 10 | B12: =IFERROR(INDEX(Kontrol!$A$3:$A$1002,MATCH(A12,Kontrol!$Y$3:$Y$1002,0)),"") | C12: =IFERROR(INDEX(Kontrol!$B$3:$B$1002,MATCH(A12,Kontrol!$Y$3:$Y$1002,0)),"") | D12: =IFERROR(INDEX(Kontrol!$C$3:$C$1002,MATCH(A12,Kontrol!$Y$3:$Y$1002,0)),"") | E12: =IFERROR(INDEX(Kontrol!$D$3:$D$1002,MATCH(A12,Kontrol!$Y$3:$Y$1002,0)),"") | F12: =IFERROR(INDEX(Kontrol!$E$3:$E$1002,MATCH(A12,Kontrol!$Y$3:$Y$1002,0)),"") | G12: =IFERROR(INDEX(Kontrol!$I$3:$I$1002,MATCH(A12,Kontrol!$Y$3:$Y$1002,0)),"") | H12: =IFERROR(INDEX(Kontrol!$K$3:$K$1002,MATCH(A12,Kontrol!$Y$3:$Y$1002,0)),"") | I12: =IFERROR(INDEX(Kontrol!$T$3:$T$1002,MATCH(A12,Kontrol!$Y$3:$Y$1002,0)),"") | J12: =IFERROR(INDEX(Kontrol!$U$3:$U$1002,MATCH(A12,Kontrol!$Y$3:$Y$1002,0)),"") | K12: =IFERROR(INDEX(Kontrol!$W$3:$W$1002,MATCH(A12,Kontrol!$Y$3:$Y$1002,0)),"")
A13: 11 | B13: =IFERROR(INDEX(Kontrol!$A$3:$A$1002,MATCH(A13,Kontrol!$Y$3:$Y$1002,0)),"") | C13: =IFERROR(INDEX(Kontrol!$B$3:$B$1002,MATCH(A13,Kontrol!$Y$3:$Y$1002,0)),"") | D13: =IFERROR(INDEX(Kontrol!$C$3:$C$1002,MATCH(A13,Kontrol!$Y$3:$Y$1002,0)),"") | E13: =IFERROR(INDEX(Kontrol!$D$3:$D$1002,MATCH(A13,Kontrol!$Y$3:$Y$1002,0)),"") | F13: =IFERROR(INDEX(Kontrol!$E$3:$E$1002,MATCH(A13,Kontrol!$Y$3:$Y$1002,0)),"") | G13: =IFERROR(INDEX(Kontrol!$I$3:$I$1002,MATCH(A13,Kontrol!$Y$3:$Y$1002,0)),"") | H13: =IFERROR(INDEX(Kontrol!$K$3:$K$1002,MATCH(A13,Kontrol!$Y$3:$Y$1002,0)),"") | I13: =IFERROR(INDEX(Kontrol!$T$3:$T$1002,MATCH(A13,Kontrol!$Y$3:$Y$1002,0)),"") | J13: =IFERROR(INDEX(Kontrol!$U$3:$U$1002,MATCH(A13,Kontrol!$Y$3:$Y$1002,0)),"") | K13: =IFERROR(INDEX(Kontrol!$W$3:$W$1002,MATCH(A13,Kontrol!$Y$3:$Y$1002,0)),"")
A14: 12 | B14: =IFERROR(INDEX(Kontrol!$A$3:$A$1002,MATCH(A14,Kontrol!$Y$3:$Y$1002,0)),"") | C14: =IFERROR(INDEX(Kontrol!$B$3:$B$1002,MATCH(A14,Kontrol!$Y$3:$Y$1002,0)),"") | D14: =IFERROR(INDEX(Kontrol!$C$3:$C$1002,MATCH(A14,Kontrol!$Y$3:$Y$1002,0)),"") | E14: =IFERROR(INDEX(Kontrol!$D$3:$D$1002,MATCH(A14,Kontrol!$Y$3:$Y$1002,0)),"") | F14: =IFERROR(INDEX(Kontrol!$E$3:$E$1002,MATCH(A14,Kontrol!$Y$3:$Y$1002,0)),"") | G14: =IFERROR(INDEX(Kontrol!$I$3:$I$1002,MATCH(A14,Kontrol!$Y$3:$Y$1002,0)),"") | H14: =IFERROR(INDEX(Kontrol!$K$3:$K$1002,MATCH(A14,Kontrol!$Y$3:$Y$1002,0)),"") | I14: =IFERROR(INDEX(Kontrol!$T$3:$T$1002,MATCH(A14,Kontrol!$Y$3:$Y$1002,0)),"") | J14: =IFERROR(INDEX(Kontrol!$U$3:$U$1002,MATCH(A14,Kontrol!$Y$3:$Y$1002,0)),"") | K14: =IFERROR(INDEX(Kontrol!$W$3:$W$1002,MATCH(A14,Kontrol!$Y$3:$Y$1002,0)),"")
... A1002: 1000 | B1002: =IFERROR(INDEX(Kontrol!$A$3:$A$1002,MATCH(A1002,Kontrol!$Y$3:$Y$1002,0)),"") | C1002: =IFERROR(INDEX(Kontrol!$B$3:$B$1002,MATCH(A1002,Kontrol!$Y$3:$Y$1002,0)),"") | D1002: =IFERROR(INDEX(Kontrol!$C$3:$C$1002,MATCH(A1002,Kontrol!$Y$3:$Y$1002,0)),"") | E1002: =IFERROR(INDEX(Kontrol!$D$3:$D$1002,MATCH(A1002,Kontrol!$Y$3:$Y$1002,0)),"") | F1002: =IFERROR(INDEX(Kontrol!$E$3:$E$1002,MATCH(A1002,Kontrol!$Y$3:$Y$1002,0)),"") | G1002: =IFERROR(INDEX(Kontrol!$I$3:$I$1002,MATCH(A1002,Kontrol!$Y$3:$Y$1002,0)),"") | H1002: =IFERROR(INDEX(Kontrol!$K$3:$K$1002,MATCH(A1002,Kontrol!$Y$3:$Y$1002,0)),"") | I1002: =IFERROR(INDEX(Kontrol!$T$3:$T$1002,MATCH(A1002,Kontrol!$Y$3:$Y$1002,0)),"") | J1002: =IFERROR(INDEX(Kontrol!$U$3:$U$1002,MATCH(A1002,Kontrol!$Y$3:$Y$1002,0)),"") | K1002: =IFERROR(INDEX(Kontrol!$W$3:$W$1002,MATCH(A1002,Kontrol!$Y$3:$Y$1002,0)),"")

Sheet Yil Sonu Kontrolu
B2: YIL SONU %75 NAKLİYE/MONTAJ ORANI KONTROLÜ (Kural A - Stok Mutabakatlı Bayi)
B3: Bu kontrol yalnızca Parametreler sekmesinde 'Stok Mutabakatı Yapıldı mı?' = Evet olan bayiler için anlamlıdır. Kampanya yazısına göre: 30.11 itibarıyla yıl içinde hakediş ödenen ürünlerin nakliye VEYA montaj tamamlanma oranı en az %75 olmalıdır; altında kalırsa fark mahsuplaşılır.
B5: Kural A Kapsamında Hakediş Ödenen Satış Sayısı | C5: =SUMPRODUCT((LEFT(Kontrol!$J$3:$J$1002,8)="Kural A ")*(Kontrol!$A$3:$A$1002<>""))
B6: Bunlardan Nakliye VEYA Montaj Tamamlanan Sayısı | C6: =SUMPRODUCT((LEFT(Kontrol!$J$3:$J$1002,8)="Kural A ")*(((Kontrol!$Q$3:$Q$1002="Evet")+(Kontrol!$R$3:$R$1002="Evet"))>0))
B7: Nakliye/Montaj Tamamlanma Oranı | C7: =IF(C5=0,"",C6/C5)
B8: Minimum Eşik | C8: =Parametreler!$C$10
B9: Eşik Karşılanıyor mu | C9: =IF(C5=0,"",IF(C7>=C8,"EVET - Uygun","HAYIR - Mahsuplaşma Riski"))
B10: Kural A Kapsamında Toplam Beklenen Hakediş Tutarı | C10: =SUMPRODUCT((LEFT(Kontrol!$J$3:$J$1002,8)="Kural A ")*(Kontrol!$I$3:$I$1002))
B11: Eşik Altı Kalan Oran Farkı | C11: =IF(C5=0,0,IF(C7<C8,C8-C7,0))
B12: Tahmini Mahsuplaşma Tutarı (oran farkı x toplam hakediş - yaklaşık tahmindir) | C12: =C11*C10
B14: Not: Mahsuplaşma tutarı, kampanya yazısındaki hesaplama yöntemi netleşinceye kadar basit bir yaklaşıklıkla (oran açığı x toplam beklenen hakediş) hesaplanmıştır; gerçek mahsuplaşma yöntemi BSH finans ekibi ile teyit edilip formül buna göre güncellenmelidir.

Sheet Ozet
B2: ÖZET
B4: Toplam Satış Sayısı | C4: =COUNTIF(Kontrol!$A$3:$A$1002,"<>")
B5: Kural A (Hemen Ödeme) Satış Sayısı | C5: =COUNTIF(Kontrol!$J$3:$J$1002,"Kural A*")
B6: Kural B (Nakliye/Montaj Sonrası) Satış Sayısı | C6: =COUNTIF(Kontrol!$J$3:$J$1002,"Kural B*")
B7: Toplam Beklenen Hakediş Tutarı | C7: =SUMIF(Kontrol!$A$3:$A$1002,"<>",Kontrol!$I$3:$I$1002)
B8: Faturada Bulunan Toplam Tutar | C8: =SUMIF(Kontrol!$A$3:$A$1002,"<>",Kontrol!$T$3:$T$1002)
B9: Toplam Tutar Farkı | C9: =SUMIF(Kontrol!$A$3:$A$1002,"<>",Kontrol!$U$3:$U$1002)
B10: Eksik Ödenmiş Satış Sayısı | C10: =COUNTIF(Kontrol!$V$3:$V$1002,"EKSİK ÖDENMİŞ")
B11: Fazla Ödenmiş Satış Sayısı | C11: =COUNTIF(Kontrol!$V$3:$V$1002,"FAZLA ÖDENMİŞ")
B12: Kampanya Tanımsız (Kampanyalar Sekmesinde Yok) | C12: =COUNTIF(Kontrol!$W$3:$W$1002,"İNCELEME GEREKLİ - Kampanya Tanımsız")
B13: Tarih Dışı Satış Sayısı | C13: =COUNTIF(Kontrol!$W$3:$W$1002,"İNCELEME GEREKLİ - Tarih Dışı Satış")
B14: Hakediş Süresi Aşılan (RİSK) Satış Sayısı | C14: =COUNTIF(Kontrol!$W$3:$W$1002,"İNCELEME GEREKLİ - Hakediş Süresi Aşıldı")
B15: Nakliye/Montaj Tutarsızlığı Olan Satış Sayısı | C15: =COUNTIF(Kontrol!$W$3:$W$1002,"İNCELEME GEREKLİ - Nakliye/Montaj Tutarsızlığı")
B16: Henüz Faturalanmamış (Bekleyen) Satış Sayısı | C16: =COUNTIF(Kontrol!$W$3:$W$1002,"Bekleniyor*")
B17: İncelenmesi Gereken Toplam Satış Sayısı | C17: =SUMPRODUCT(--(LEFT(Kontrol!$W$3:$W$1002,16)="İNCELEME GEREKLİ"))
B18: Uygun / Sorunsuz Satış Sayısı | C18: =COUNTIF(Kontrol!$W$3:$W$1002,"Uygun")
B20: Not: Bu tablo 'Kontrol' sekmesindeki tüm satırları otomatik özetler; 'Yıl Sonu Kontrolü' sekmesi ise Kural A bayileri için ayrıca %75 nakliye/montaj oranı kontrolünü gösterir. Kaynak sekmeleri güncelledikçe bu sayfa otomatik yenilenir.
